name,entry_name,seq,seq_length,fasta,protein_existence,phi
P04745,AMY1_HUMAN,MKLFWLLFTIGFCWAQYSSNTQQGRTSIVHLFEWRWVDIALECERYLAPKGFGGVQVSPPNENVAIHNPFRPWWERYQPVSYKLCTRSGNEDEFRNMVTRCNNVGVRIYVDAVINHMCGNAVSAGTSSTCGSYFNPGSRDFPAVPYSGWDFNDGKCKTGSGDIENYNDATQVRDCRLSGLLDLALGKDYVRSKIAEYMNHLIDIGVAGFRIDASKHMWPGDIKAILDKLHNLNSNWFPEGSKPFIYQEVIDLGGEPIKSSDYFGNGRVTEFKYGAKLGTVIRKWNGEKMSYLKNWGEGWGFMPSDRALVFVDNHDNQRGHGAGGASILTFWDARLYKMAVGFMLAHPYGFTRVMSSYRWPRYFENGKDVNDWVGPPNDNGVTKEVTINPDTTCGNDWVCEHRWRQIRNMVNFRNVVDGQPFTNWYDNGSNQVAFGRGNRGFIVFNNDDWTFSLTLQTGLPAGTYCDVISGDKINGNCTGIKIYVSDDGKAHFSISNSAEDPFIAIHAESKL,511,84,1,5.98
Q8TEJ3,SH3R3_HUMAN,MLLGASWLCASKAAAAAAQSEGDEDRPGERRRRRAAATAAGAGEDMDESSLLDLLECSVCLERLDTTAKVLPCQHTFCRRCLESIVCSRHELRCPECRILVGCGVDELPANILLVRLLDGIRQRPRAGTSPGGSPPARPIPGQSAAPTLAGGGGGAAGSTPGSPVFLSAAAGSTAGSLRELATSRTAPAAKNPCLLPYGKALYSYEGKEPGDLKFNKGDIIVLRRKVDEQWYHGELHGTQGFLPASYIQCIQPLPHAPPQGKALYDFEMKDKDQDKDCLTFTKDEILTVLRRVDENWAEGMLGDKIGIFPLLYVELNDSAKQLIEMDKPCPAAASSCNASLPSDSGAVASVAPSPTLSSSGAVSAFQRRVDGKKNTKKRHSFTALSVTHRSSQAASHRHSMEISAPVLISSSDPRAAARIGDLAHLSCAAPTQDVSSSAGSTPTAVPRAASVSGEQGTPPKVQLPLNVYLALYAYKPQKSDELELHKGEMYRVLEKCQDGWFKGASLRTGVSGVFPGNYVTPVSRVPAGGAGPPRNNVVGGSPLAKGITTTMHPGSGSLSSLATATRPALPITTPQAHAQHPTASPPTGSCLRHSAQPTASQARSTISTAAHSAAQAQDRPTATVSPLRTQNSPSRLPATSLRPHSVVSPQHSHQPPVQMCPRPAIPLTSAASAITPPNVSAANLNGEAGGGPIGVLSTSSPTNTGCKLDEKKSEKKEKKSGLLKLLAGASTKKKSRSPPSVSPTHDPQVAVDALLQGAVGPEVSSLSIHGRAGSCPIESEMQGAMGMEPLHRKAGSLDLNFTSPSRQAPLSMAAIRPEPKLLPRERYRVVVSYPPQSEAEIELKEGDIVFVHKKREDGWYKGTLQRNGRTGLFPGSFVESF,882,10,1,6.14
Q8IVK1,GLCM1_HUMAN,MKFFMVLLPASLASTSLAILDVESGLLPQLSVLLSNRLRGKTCQTGP,47,3,5,6.08
P09326,CD48_HUMAN,MCSRGWDSCLALELLLLPLSLLVTSIQGHLVHMTVVSGSNVTLNISESLPENYKQLTWFYTFDQKIVEWDSRKSKYFESKFKGRVRLDPQSGALYISKVQKEDNSTYIMRVLKKTGNEQEWKIKLQVLDPVPKPVIKIEKIEDMDDNCYLKLSCVIPGESVNYTWYGDKRPFPKELQNSVLETTLMPHNYSRCYTCQVSNSVSSKNGTVCLSPPCTLARSFGVEWIASWLVVTVPTILGLLLT,243,32,1,6.01
Q86YT5,S13A5_HUMAN,MASALSYVSKFKSFVILFVTPLLLLPLVILMPAKFVRCAYVIILMAIYWCTEVIPLAVTSLMPVLLFPLFQILDSRQVCVQYMKDTNMLFLGGLIVAVAVERWNLHKRIALRTLLWVGAKPARLMLGFMGVTALLSMWISNTATTAMMVPIVEAILQQMEATSAATEAGLELVDKGKAKELPGSQVIFEGPTLGQQEDQERKRLCKAMTLCICYAASIGGTATLTGTGPNVVLLGQMNELFPDSKDLVNFASWFAFAFPNMLVMLLFAWLWLQFVYMRFNFKKSWGCGLESKKNEKAALKVLQEEYRKLGPLSFAEINVLICFFLLVILWFSRDPGFMPGWLTVAWVEGETKYVSDATVAIFVATLLFIVPSQKPKFNFRSQTEEERKTPFYPPPLLDWKVTQEKVPWGIVLLLGGGFALAKGSEASGLSVWMGKQMEPLHAVPPAAITLILSLLVAVFTECTSNVATTTLFLPIFASMSRSIGLNPLYIMLPCTLSASFAFMLPVATPPNAIVFTYGHLKVADMVKTGVIMNIIGVFCVFLAVNTWGRAIFDLDHFPDWANVTHIET,568,29,1,5.99
Q5TZA2,CROCC_HUMAN,MSLGLARAQEVELTLETVIQTLESSVLCQEKGLGARDLAQDAQITSLPALIREIVTRNLSQPESPVLLPATEMASLLSLQEENQLLQQELSRVEDLLAQSRAERDELAIKYNAVSERLEQALRLEPGELETQEPRGLVRQSVELRRQLQEEQASYRRKLQAYQEGQQRQAQLVQRLQGKILQYKKRCSELEQQLLERSGELEQQRLRDTEHSQDLESALIRLEEEQQRSASLAQVNAMLREQLDQAGSANQALSEDIRKVTNDWTRCRKELEHREAAWRREEESFNAYFSNEHSRLLLLWRQVVGFRRLVSEVKMFTERDLLQLGGELARTSRAVQEAGLGLSTGLRLAESRAEAALEKQALLQAQLEEQLRDKVLREKDLAQQQMQSDLDKADLSARVTELGLAVKRLEKQNLEKDQVNKDLTEKLEALESLRLQEQAALETEDGEGLQQTLRDLAQAVLSDSESGVQLSGSERTADASNGSLRGLSGQRTPSPPRRSSPGRGRSPRRGPSPACSDSSTLALIHSALHKRQLQVQDMRGRYEASQDLLGTLRKQLSDSESERRALEEQLQRLRDKTDGAMQAHEDAQREVQRLRSANELLSREKSNLAHSLQVAQQQAEELRQEREKLQAAQEELRRQRDRLEEEQEDAVQDGARVRRELERSHRQLEQLEGKRSVLAKELVEVREALSRATLQRDMLQAEKAEVAEALTKAEAGRVELELSMTKLRAEEASLQDSLSKLSALNESLAQDKLDLNRLVAQLEEEKSALQGRQRQAEQEATVAREEQERLEELRLEQEVARQGLEGSLRVAEQAQEALEQQLPTLRHERSQLQEQLAQLSRQLSGREQELEQARREAQRQVEALERAAREKEALAKEHAGLAVQLVAAEREGRTLSEEATRLRLEKEALEGSLFEVQRQLAQLEARREQLEAEGQALLLAKETLTGELAGLRQQIIATQEKASLDKELMAQKLVQAEREAQASLREQRAAHEEDLQRLQREKEAAWRELEAERAQLQSQLQREQEELLARLEAEKEELSEEIAALQQERDEGLLLAESEKQQALSLKESEKTALSEKLMGTRHSLATISLEMERQKRDAQSRQEQDRSTVNALTSELRDLRAQREEAAAAHAQEVRRLQEQARDLGKQRDSCLREAEELRTQLRLLEDARDGLRRELLEAQRKLRESQEGREVQRQEAGELRRSLGEGAKEREALRRSNEELRSAVKKAESERISLKLANEDKEQKLALLEEARTAVGKEAGELRTGLQEVERSRLEARRELQELRRQMKMLDSENTRLGRELAELQGRLALGERAEKESRRETLGLRQRLLKGEASLEVMRQELQVAQRKLQEQEGEFRTRERRLLGSLEEARGTEKQQLDHARGLELKLEAARAEAAELGLRLSAAEGRAQGLEAELARVEVQRRAAEAQLGGLRSALRRGLGLGRAPSPAPRPVPGSPARDAPAEGSGEGLNSPSTLECSPGSQPPSPGPATSPASPDLDPEAVRGALREFLQELRSAQRERDELRTQTSALNRQLAEMEAERDSATSRARQLQKAVAESEEARRSVDGRLSGVQAELALQEESVRRSERERRATLDQVATLERSLQATESELRASQEKISKMKANETKLEGDKRRLKEVLDASESRTVKLELQRRSLEGELQRSRLGLSDREAQAQALQDRVDSLQRQVADSEVKAGTLQLTVERLNGALAKVEESEGALRDKVRGLTEALAQSSASLNSTRDKNLHLQKALTACEHDRQVLQERLDAARQALSEARKQSSSLGEQVQTLRGEVADLELQRVEAEGQLQQLREVLRQRQEGEAAALNTVQKLQDERRLLQERLGSLQRALAQLEAEKREVERSALRLEKDRVALRRTLDKVEREKLRSHEDTVRLSAEKGRLDRTLTGAELELAEAQRQIQQLEAQVVVLEQSHSPAQLEVDAQQQQLELQQEVERLRSAQAQTERTLEARERAHRQRVRGLEEQVSTLKGQLQQELRRSSAPFSPPSGPPEK,2017,23,1,6.12
A8MQ27,NEU1B_HUMAN,MGNTVHRTLPDPSPPARLLATRPCCGPGPERRPVLGEAPRFHAQAKGKNVRLDGHSRRATRRNSFCNGVTFTQRPIRLYEQVRLRLVAVRPGWSGALRFGFTAHDPSLMSAQDIPKYACPDLVTRPGYWAKALPENLALRDTVLAYWADRHGRVFYSVNDGEPVLFHCGVAVGGPLWALIDVYGITDEVQLLESAFADTLTPARLSQARFSACLPPSSHDAANFDNNELENNQVVAKLGHLALGRAPGPPPADAAAAAIPCGPRERPRPASSPALLEADLRFHATRGPDVSLSADRKVACAPRPDGGRTLVFSERPLRPGESLFVEVGRPGLAAPGALAFGITSCDPGVLRPNELPADPDALLDRKEYWVVARAGPVPSGGDALSFTLRPGGDVLLGINGRPRGRLLCVDTTQALWAFFAVRGGVAGQLRLLGTLQSSPATTTPSGSLSGSQDDSDSDMTFSVNQSSSASESSLVTAPSSPLSPPVSPVFSPPEPAGIKNGECTVCFDGEVDTVIYTCGHMCLCHSCGLRLKRQARACCPICRRPIKDVIKIYRP,555,9,1,6.14
Q8WV15,T255B_HUMAN,MQPPVPGPLGLLDPAEGLSRRKKTSLWFVGSLLLVSVLIVTVGLAATTRTENVTVGGYYPGIILGFGSFLGIIGINLVENRRQMLVAAIVFISFGVVAAFCCAIVDGVFAAQHIEPRPLTTGRCQFYSSGVGYLYDVYQTEVTCHSLDGKCQLKVRSNTCYCCDLYACGSAEPSPAYYEFIGVSGCQDVLHLYRLLWASAVLNVLGLFLGIITAAVLGAFKDMVPLSQLAYGPAVPPQTLYNPAQQILAYAGFRLTPEPVPTCSSYPLPLQPCSRFPVAPSSALASSEDLQPPSPSSSGSGLPGQAPPCYAPTYFPPGEKPPPYAP,326,6,2,5.94
P51649,SSDH_HUMAN,MATCIWLRSCGARRLGSTFPGCRLRPRAGGLVPASGPAPGPAQLRCYAGRLAGLSAALLRTDSFVGGRWLPAAATFPVQDPASGAALGMVADCGVREARAAVRAAYEAFCRWREVSAKERSSLLRKWYNLMIQNKDDLARIITAESGKPLKEAHGEILYSAFFLEWFSEEARRVYGDIIHTPAKDRRALVLKQPIGVAAVITPWNFPSAMITRKVGAALAAGCTVVVKPAEDTPFSALALAELASQAGIPSGVYNVIPCSRKNAKEVGEAICTDPLVSKISFTGSTTTGKILLHHAANSVKRVSMELGGLAPFIVFDSANVDQAVAGAMASKFRNTGQTCVCSNQFLVQRGIHDAFVKAFAEAMKKNLRVGNGFEEGTTQGPLINEKAVEKVEKQVNDAVSKGATVVTGGKRHQLGKNFFEPTLLCNVTQDMLCTHEETFGPLAPVIKFDTEEEAIAIANAADVGLAGYFYSQDPAQIWRVAEQLEVGMVGVNEGLISSVECPFGGVKQSGLGREGSKYGIDEYLELKYVCYGGL,535,91,1,6.08
Q13753,LAMC2_HUMAN,MPALWLGCCLCFSLLLPAARATSRREVCDCNGKSRQCIFDRELHRQTGNGFRCLNCNDNTDGIHCEKCKNGFYRHRERDRCLPCNCNSKGSLSARCDNSGRCSCKPGVTGARCDRCLPGFHMLTDAGCTQDQRLLDSKCDCDPAGIAGPCDAGRCVCKPAVTGERCDRCRSGYYNLDGGNPEGCTQCFCYGHSASCRSSAEYSVHKITSTFHQDVDGWKAVQRNGSPAKLQWSQRHQDVFSSAQRLDPVYFVAPAKFLGNQQVSYGQSLSFDYRVDRGGRHPSAHDVILEGAGLRITAPLMPLGKTLPCGLTKTYTFRLNEHPSNNWSPQLSYFEYRRLLRNLTALRIRATYGEYSTGYIDNVTLISARPVSGAPAPWVEQCICPVGYKGQFCQDCASGYKRDSARLGPFGTCIPCNCQGGGACDPDTGDCYSGDENPDIECADCPIGFYNDPHDPRSCKPCPCHNGFSCSVMPETEEVVCNNCPPGVTGARCELCADGYFGDPFGEHGPVRPCQPCQCNNNVDPSASGNCDRLTGRCLKCIHNTAGIYCDQCKAGYFGDPLAPNPADKCRACNCNPMGSEPVGCRSDGTCVCKPGFGGPNCEHGAFSCPACYNQVKIQMDQFMQQLQRMEALISKAQGGDGVVPDTELEGRMQQAEQALQDILRDAQISEGASRSLGLQLAKVRSQENSYQSRLDDLKMTVERVRALGSQYQNRVRDTHRLITQMQLSLAESEASLGNTNIPASDHYVGPNGFKSLAQEATRLAESHVESASNMEQLTRETEDYSKQALSLVRKALHEGVGSGSGSPDGAVVQGLVEKLEKTKSLAQQLTREATQAEIEADRSYQHSLRLLDSVSRLQGVSDQSFQVEEAKRIKQKADSLSSLVTRHMDEFKRTQKNLGNWKEEAQQLLQNGKSGREKSDQLLSRANLAKSRAQEALSMGNATFYEVESILKNLREFDLQVDNRKAEAEEAMKRLSYISQKVSDASDKTQQAERALGSAAADAQRAKNGAGEALEISSEIEQEIGSLNLEANVTADGALAMEKGLASLKSEMREVEGELERKELEFDTNMDAVQMVITEAQKVDTRAKNAGVTIQDTLNTLDGLLHLMDQPLSVDEEGLVLLEQKLSRAKTQINSQLRPMMSELEERARQQRGHLHLLETSIDGILADVKNLENIRDNLPPGCYNTQALEQQ,1193,63,1,5.97
Q8N6V9,TEX9_HUMAN,MAGRSLCLTRSSVPGTPFPPPVQQPSTPGPDLLALEEEYKRLNAELQAKTADVVQQAKEIIRDRQEVRSRPVSTQMKSCDDEDDYSLRGLLPSEGIVHLHSETKPKTKNIDPVNKVQNKLHSANKGRKTNSSVKLKYSDVQTADDVAIPEDFSDFSLAKTISKIEGQLEEEGLPEYIDDIFSGVSNDIGTEAQIRFLKAKLHVMQEELDNVVCECNKKEDEIQNLKSQVKNFEEDFMRQQRTINMQQSQVEKYKTLFEEANKKYDGLQQQLSSVERELENKRRLQKQAASSQSATEVRLNRALEEAEKYKLELSKLRQNNKDIANEEHKKIEVLKSENKKLEKQKGELMIGFKKQLKLIDVLKRQKMHIEAAKMLSFTEEEFMKALEWGNS,391,3,1,6.05
Q8TDU5,VNRL4_HUMAN,MEMTKLFSYIVIKNVYYPQVSFGISANTFLLLFHIFTFAYTHRLKPIDMTISHLPLIHILLLFTQAILVSSDLFESWNIQNNDLKCKIITFLNRVMRGVSICTTCLLSVLQAITISPSTSFLEKFKHISANHTLGFILFSWVLNMFITNNLLLFIVPTPNRIGASLLFVTEHCYVLPMSYTHRSLFFILMVLRDVIFIGLMVLSSGYG,208,13,5,6.02
P36268,GGT2_HUMAN,MKKKLVVLGLLAVVLVLVIVGLCLWLPSASKEPDNHVYTRAAMAADAKQCLEIGRDTLRDGGSAVDAAIAALLCVGLMNAHSMGIGVGLFLTIYNSTTGKAEVINAREVAPRLAFASMFNSSEQSQKGGLSVAVPGEIRGYELAHQRHGRLPWARLFQPSIQLARQGFPVGKGLAAVLENKRTVIEQQPVLWYVFCRDRKVLREGERLTLPRLADTYEMLAIEGAQAFYNGSLMAQIVKDIQAAGGIVTAEDLNNYRAELIEHPLNISLGDAVLYMPSARLSGPVLALILNILKGYNFSRESVETPEQKGLTYHRIVEAFRFAYAKRTLLGDPKFVDVTEVVRNMTSEFFAAQLRSQISDHTTHPISYYKPEFYTPDDGGTAHLSVVAEDGSAVSATSTINLYFGSKVCSPVSGILFNNEWTTSALPAFTNEFGAPPSPANFIQPGKQPLLSMCLTIMVGQDGQVRMVVGAAGGTQITTDTALAIIYNLWFGYDVKRAVEEPRLHNKLLPNVTTVERNIDQAVTAALETRHHHTQIASTFIAVVQAIVRTAGGWAAALDSRKGGEPAGY,569,13,1,6.04
Q9Y3Q7,ADA18_HUMAN,MFLLLALLTELGRLQAHEGSEGIFLHVTVPRKIKSNDSEVSERKMIYIITIDGQPYTLHLGKQSFLPQNFLVYTYNETGSLHSVSPYFMMHCHYQGYAAEFPNSFVTLSICSGLRGFLQFENISYGIEPVESSARFEHIIYQMKNNDPNVSILAVNYSHIWQKDQPYKVPLNSQIKNLSKLLPQYLEIYIIVEKALYDYMGSEMMAVTQKIVQVIGLVNTMFTQFKLTVILSSLELWSNENQISTSGDADDILQRFLAWKRDYLILRPHDIAYLLVYRKHPKYVGATFPGTVCNKSYDAGIAMYPDAIGLEGFSVIIAQLLGLNVGLTYDDITQCFCLRATCIMNHEAVSASGRKIFSNCSMHDYRYFVSKFETKCLQKLSNLQPLHQNQPVCGNGILESNEECDCGNKNECQFKKCCDYNTCKLKGSVKCGSGPCCTSKCELSIAGTPCRKSIDPECDFTEYCNGTSSNCVPDTYALNGRLCKLGTAYCYNGQCQTTDNQCAKIFGKGAQGAPFACFKEVNSLHERSENCGFKNSQPLPCERKDVLCGKLACVQPHKNANKSDAQSTVYSYIQDHVCVSIATGSSMRSDGTDNAYVADGTMCGPEMYCVNKTCRKVHLMGYNCNATTKCKGKGICNNFGNCQCFPGHRPPDCKFQFGSPGGSIDDGNFQKSGDFYTEKGYNTHWNNWFILSFCIFLPFFIVFTTVIFKRNEISKSCNRENAEYNRNSSVVSESDDVGH,739,38,2,5.93
Q9UNI1,CELA1_HUMAN,MLVLYGHSTQDLPETNARVVGGTEAGRNSWPSQISLQYRSGGSRYHTCGGTLIRQNWVMTAAHCVDYQKTFRVVAGDHNLSQNDGTEQYVSVQKIVVHPYWNSDNVAAGYDIALLRLAQSVTLNSYVQLGVLPQEGAILANNSPCYITGWGKTKTNGQLAQTLQQAYLPSVDYAICSSSSYWGSTVKNTMVCAGGDGVRSGCQGDSGGPLHCLVNGKYSVHGVTSFVSSRGCNVSRKPTVFTQVSAYISWINNVIASN,258,22,1,5.98
Q6Q6R5,CRIP3_HUMAN,MSWTCPRCQQPVFFAEKVSSLGKNWHRFCLKCERCHSILSPGGHAEHNGRPYCHKPCYGALFGPRGVNIGGVGSYLYNPPTPSPGCTTPLSPSSFSPPRPRTGLPQGKKSPPHMKTFTGETSLCPGCGEPVYFAEKVMSLGRNWHRPCLRCQRCHKTLTAGSHAEHDGVPYCHVPCYGYLFGPKGGQPHPRHWDGMYMPEVWHVHGLWVCVDNFPCG,217,14,2,6.24
P02585,TNNC2_HUMAN,MTDQQAEARSYLSEEMIAEFKAAFDMFDADGGGDISVKELGTVMRMLGQTPTKEELDAIIEEVDEDGSGTIDFEEFLVMMVRQMKEDAKGKSEEELAECFRIFDRNADGYIDPEELAEIFRASGEHVTDEEIESLMKDGDKNNDGRIDFDEFLKMMEGVQ,160,13,1,5.48
Q7Z4G1,COMD6_HUMAN,MEASSEPPLDAKSDVTNQLVDFQWKLGMAVSSDTCRSLKYPYVAVMLKVADHSGQVKTKCFEMTIPQFQNFYRQFKEIAAVIETV,85,7,1,5.92
Q3SYB3,FX4L6_HUMAN,MNLPRAERLRSTPQRSLRDSDGEDGKIDVLGEEEDEDEVEDEEEAASQQFLEQSLQPGLQVARWGGVALPREHIEGGGGPSDPSEFGTKFRAPPRSAAASEDARQPAKPPYSYIALITMAILQNPHKRLTLSGICAFISGRFPYYRRKFPAWQNSIRHNLSLNDCFVKIPREPGHPGKGNYWSLDPASQDMFDNGSFLRRRKRFKRHQLTPGAHLPHPFPLPAAHAALHNPHPGPLLGAPAPPQPVPGAYPNTAPGRRPYALLHPHPLRYLLLSAPVYAGAPKKAEGAALATPAPFPCCSPHLVLSLGRRARVWRRHREADASLSALRVLCKGSGERVQGLRRVCPRPRGATATCSSDHQACCIPRPLPLCCKCPPPPLLGQFCSNSSSIRRRTAPTAALPPRARCWAGTCRPRRPC,417,4,1,6.34
Q5T0D9,TPRGL_HUMAN,MLQLRDSVDSAGTSPTAVLAAGEEVGAGGGPGGGRPGAGTPLRQTLWPLSIHDPTRRARVKEYFVFRPGSIEQAVEEIRVVVRPVEDGEIQGVWLLTEVDHWNNEKERLVLVTEQSLLICKYDFISLQCQQVVRIALNAVDTISYGEFQFPPKSLNKREGFGIRIQWDKQSRPSFINRWNPWSTNVPYATFTEHPMAGADEKTASLCQLESFKALLIQAVKKAQKESPLPGQANGVLILERPLLIETYVGLMSFINNEAKLGYSMTRGKIGF,272,8,1,6.05
P49715,CEBPA_HUMAN,MESADFYEAEPRPPMSSHLQSPPHAPSSAAFGFPRGAGPAQPPAPPAAPEPLGGICEHETSIDISAYIDPAAFNDEFLADLFQHSRQQEKAKAAVGPTGGGGGGDFDYPGAPAGPGGAVMPGGAHGPPPGYGCAAAGYLDGRLEPLYERVGAPALRPLVIKQEPREEDEAKQLALAGLFPYQPPPPPPPSHPHPHPPPAHLAAPHLQFQIAHCGQTTMHLQPGHPTPPPTPVPSPHPAPALGAAGLPGPGSALKGLGAAHPDLRASGGSGAGKAKKSVDKNSNEYRVRRERNNIAVRKSRDKAKQRNVETQQKVLELTSDNDRLRKRVEQLSRELDTLRGIFRQLPESSLVKAMGNCA,358,41,1,6.14
Q9BXK1,KLF16_HUMAN,MSAAVACVDYFAADVLMAISSGAVVHRGRPGPEGAGPAAGLDVRAARREAASPGTPGPPPPPPAASGPGPGAAAAPHLLAASILADLRGGPGAAPGGASPASSSSAASSPSSGRAPGAAPSAAAKSHRCPFPDCAKAYYKSSHLKSHLRTHTGERPFACDWQGCDKKFARSDELARHHRTHTGEKRFSCPLCSKRFTRSDHLAKHARRHPGFHPDLLRRPGARSTSPSDSLPCSLAGSPAPSPAPSPAPAGL,252,9,1,6.34
Q2M3R5,S35G1_HUMAN,MRPQDSTGVAELQEPGLPLTDDAPPGATEEPAAAEAAGAPDRGRCWLCLSSPCCSRTEPEAKKKAPCPGLGLFYTLLSAFLFSVGSLFVKKVQDVHAVEISAFRCVFQMLVVIPCLIYRKTGFIGPKGQRIFLILRGVLGSTAMMLIYYAYQTMSLADATVITFSSPVFTSIFAWICLKEKYSPWDALFTVFTITGVILIVRPPFLFGSDTSGMEESYSGHLKGTFAAIGSAVFAASTLVILRKMGKSVDYFLSIWYYVVLGLVESVIILSVLGEWSLPYCGLDRLFLIFIGLFGLGGQIFITKALQIEKAGPVAIMKTMDVVFAFIFQIIFFNNVPTWWTVGGALCVVASNVGAAIRKWYQSSK,365,14,1,5.99
Q96R09,OR5B2_HUMAN,MENCTEVTKFILLGLTSVPELQIPLFILFTFIYLLTLCGNLGMMLLILMDSCLHTPMYFFLSNLSLVDFGYSSAVTPKVMAGFLRGDKVISYNACAVQMFFFVALATVENYLLASMAYDRYAAVCKPLHYTTTMTASVGACLALGSYVCGFLNASFHIGGIFSLSFCKSNLVHHFFCDVPAVMALSCSDKHTSEVILVFMSSFNIFFVLLVIFISYLFIFITILKMHSAKGHQKALSTCASHFTAVSVFYGTVIFIYLQPSSSHSMDTDKMASVFYAMIIPMLNPVVYSLRNREVQNAFKKVLRRQKFL,309,20,2,5.96
Q9BYQ9,KRA48_HUMAN,MVNSCCGSVCSDQGCGQDLCQETCCCPSCCQTTCCRTTCYRPSYSVSCCCRPQCCQSVCCQPTCCRPSCCVSSCCKPQCCQSVCCQPTCCHPSCCISSCCRPSCCVSSCCKPQCCQSVCCQPNCCRPSCSISSCCRPSCCESSCCRPCCCLRPVCGRVSCHTTCYRPACVISTCPRPVCCASSCC,185,31,2,5.87
P42679,MATK_HUMAN,MAGRGSLVSWRAFHGCDSAEELPRVSPRFLRAWHPPPVSARMPTRRWAPGTQCITKCEHTRPKPGELAFRKGDVVTILEACENKSWYRVKHHTSGQEGLLAAGALREREALSADPKLSLMPWFHGKISGQEAVQQLQPPEDGLFLVRESARHPGDYVLCVSFGRDVIHYRVLHRDGHLTIDEAVFFCNLMDMVEHYSKDKGAICTKLVRPKRKHGTKSAEEELARAGWLLNLQHLTLGAQIGEGEFGAVLQGEYLGQKVAVKNIKCDVTAQAFLDETAVMTKMQHENLVRLLGVILHQGLYIVMEHVSKGNLVNFLRTRGRALVNTAQLLQFSLHVAEGMEYLESKKLVHRDLAARNILVSEDLVAKVSDFGLAKAERKGLDSSRLPVKWTAPEALKHGKFTSKSDVWSFGVLLWEVFSYGRAPYPKMSLKEVSEAVEKGYRMEPPEGCPGPVHVLMSSCWEAEPARRPPFRKLAEKLARELRSAGAPASVSGQDADGSTSPRSQEP,507,33,1,6.2
Q9BYG5,PAR6B_HUMAN,MNRSHRHGAGSGCLGTMEVKSKFGAEFRRFSLERSKPGKFEEFYGLLQHVHKIPNVDVLVGYADIHGDLLPINNDDNYHKAVSTANPLLRIFIQKKEEADYSAFGTDTLIKKKNVLTNVLRPDNHRKKPHIVISMPQDFRPVSSIIDVDILPETHRRVRLYKYGTEKPLGFYIRDGSSVRVTPHGLEKVPGIFISRLVPGGLAQSTGLLAVNDEVLEVNGIEVSGKSLDQVTDMMIANSRNLIITVRPANQRNNVVRNSRTSGSSGQSTDNSLLGYPQQIEPSFEPEDEDSEEDDIIIEDNGVPQQIPKAVPNTESLESLTQIELSFESGQNGFIPSNEVSLAAIASSSNTEFETHAPDQKLLEEDGTIITL,372,8,1,5.95
Q86UB9,TM135_HUMAN,MAALSKSIPHNCYEIGHTWHPSCRVSFLQITGGALEESLKIYAPLYLIAAILRKRKLDYYLHKLLPEILQSASFLTANGALYMAFFCILRKILGKFYSWTPGFGAALPASYVAILIERKSRRGLLTIYMANLATETLFRMGVARGTITTLRNGEVLLFCITAAMYMFFFRCKDGLKGFTFSALRFIVGKEEIPTHSFSPEAAYAKVEQKREQHEEKPGRMNMIGLVRKFVDSICKHGPRHRCCKHYEDNCISYCIKGFIRMFSVGYLIQCCLRIPSAFRHLFTQPSRLLSLFYNKENFQLGAFLGSFVSIYKGTSCFLRWIRNLDDELHAIIAGFLAGISMMFYKSTTISMYLASKLVETMYFKGIEAGKVPYFPHADTIIYSISTAICFQAAVMEVQTLRPSYWKFLLRLTKGKFAVMNRKVLDVFGTGASKHFQDFIPRLDPRYTTVTPELPTEFS,458,12,2,6.21
Q8NHM4,TRY6_HUMAN,MNPLLILAFVGAAVAVPFDDDDKIVGGYTCEENSVPYQVSLNSGSHFCGGSLISEQWVVSAGHCYKPHIQVRLGEHNIEVLEGNEQFINAAKIIRHPKYNRIILNNDIMLIKLSTPAVINAHVSTISLPTAPPAAGTECLISGWGNTLSSGADYPDELQCLDAPVLTQAKCKASYPLKITSNMFCVGFLEGGKDSCQGDSGGPVVCNGQLQGIVSWGYGCAQKRRPGVYTKVYNYVDWIKDTIAANS,247,18,5,5.89
Q8NEF9,SRFB1_HUMAN,MAQPGTLNLNNEVVKMRKEVKRIRVLVIRKLVRSVGRLKSKKGTEDALLKNQRRAQRLLEEIHAMKELKPDIVTKSALGDDINFEKIFKKPDSTATERAIARLAVHPLLKKKIDVLKAAVQAFKEARQNVAEVESSKNASEDNHSENTLYSNDNGSNLQREATVISEQKVKETKILAKKPIHNSKEKIAKMEHGPKAVTIANSPSKPSEKDSVVSLESQKTPADPKLKTLSQTKKNKGSDSSLSGNSDGGEEFCEEEKEYFDDSTEERFYKQSSMSEDSDSGDDFFIGKVRRTRKKESSCHSSVKEQKPLEKVFLKEDTGETHGDTRNDKIKPSTETRKLESVFFHSLSGSKSSRRNFKEQAPKTRSLDFPQNEPQIKNQFNKKLSGRLENTKQQLQLPLHPSWEASRRRKEQQSNIAVFQGKKITFDD,429,16,1,6.25
Q9NVM1,EVA1B_HUMAN,MDAPRRDMELLSNSLAAYAHIRANPESFGLYFVLGVCFGLLLTLCLLVISISWAPRPRPRGPAQRRDPRSSTLEPEDDDEDEEDTVTRLGPDDTLPGPELSAEPDGPLNVNVFTSAEELERAQRLEERERILREIWRTGQPDLLGTGTLGPSPTATGTLGRMHYY,165,5,1,5.91
Q14590,ZN235_HUMAN,MTKFQEAVTFKDVAVAFTEEELGLLDSAQRKLYRDVMLENFRNLVSVGHQSFKPDMISQLEREEKLWMKELQTQRGKHSGDRNQNEMATLHKAGLRCFSLGELSCWQIKRHIASKLARSQDSMINIEGKSSQFPKHHDSPCQVGAGESIQASVDDNCLVNHIGDHSSIIENQEFPTGKVPNSWSKIYLNETQNYQRSCKQTQMKNKLCIFAPYVDIFSCISHHHDDNIVHKRDKVHSNSDCGKDTLKVSPLTQRSIHTGQKTYQGNECEEAFNDSSSLELHKQVHLGKKSPACSTHEKDTSYSSGIPVQQSVRTGKKRYWCHECGKGFSQSSNLQTHQRVHTGEKPYTCHECGKSFNQSSHLYAHLPIHTGEKPYRCDSCGKGFSRSTDLNIHCRVHTGEKPYKCEVCGKGFTQRSHLQAHERIHTGEKPYKCGDCGKRFSCSSNLHTHQRVHTEEKPYKCDECGKCFSLSFNLHSHQRVHTGEKPYKCEECGKGFSSASSFQSHQRVHTGEKPFRCNVCGKGFSQSSYFQAHQRVHTGEKPYKCEVCGKRFNWSLNLHNHQRVHTGEKPYKCEECGKGFSQASNLQAHQSVHTGEKPFKCDACQKRFSQASHLQAHQRVHTGEKPYKCDTCGKAFSQRSNLQVHQIIHTGEKPFKCEECGKEFSWSAGLSAHQRVHTGEKPYTCQQCGKGFSQASHFHTHQRVHTGERPYICDVCCKGFSQRSHLIYHQRVHTGGNL,738,22,2,6.2
Q6YLX9,TPC1_WHEAT,MSEAEAPLITEEAAERGLASSGSRRLSDGAGGQGSRKYRRRSDALAYGDRYQKAAALVDLAEDGVGIPEDVLNDTRFGRAMSFYFVYLRLDWLWSLNLFALILLNFLEKPLWCRKDALQAYDQRDLYFLGQLPYFSKTESLIYEGLTLVILVMDIFCPLSYEGLNIFWRSTTNKLKIVLLFILACDILVFAFSSQPFRLAPYIRVVFLIMTIRELRMCAITLAGLIGTYLNVLALSLLFLLFASWLAYVTFEDTPQGKTIFSSYGVTLYQMFVLFTTSNNPDVWVHAYKIPRWYSLFFIVYVLLGVYFLTNLILAVIYDSFKEQFAKQLVQVDSIRKNILQKAFDLIDTNNRGYLDREQCISLLNELNKYRSLPKTSREDFELIFAELDRSGDFKVTSEEFADLCNTIAIKFQKEPPPSYLEKFPFYHSPLCGRLKSFVRSRMFEYIIVFVLLINLVAVIIETTLDIENSSSQETWQEVEFFLGWIYVAEMALKIFSLGFGAYWMEGQNKFDFVLTWTIFIGETLTFAFPSKLPFLSNGEWIRYLLLGRVLRLTRILLQVQRFRAFVATFFTLMSSLMPYLGIVFCVLCMYCSIGLQIFGGIVYAGNPTLEETDLFNNDYLLFNFNDYPSGMVTLFNLLVMGNWQVWMESYWQLTGTSWSLIYFVSFYLISILLLLNLIVAFVLEAFFAEMELEKGEEVDIQNPTSGGIKKRRSMRVRSKGTMVDILLHHMLSNELDGSQNS,742,33,2,5.93
P0CZ06,AVLB3_WHEAT,MKVFILALLALTATTAIAQLETTCSQGFGQSQQQQQPGQRQLLEQMKPCVAFLQQKCSPLRMPFLQTQVEQLSSCQIVQYQCCQQLAQIPERTRCHAIHIVVEAIIQQQSQQQWQEPQQQAQHKSMRMLLENLSLMCNIYVPVQCQQQQQLGQQQQQQLQEQLTPCTTFLQQQCSPVTVPFPQIPVDQPTSCQNVQHQCCRQLSQIPEQFRCQAIHNVAEAIRQQQPQQQWQGMYQPQQPAQLESIRMSLQALRSMCNIYIPVQCPAPTTYNIPLVATYTGGAC,284,3,2,5.92
P27806,H1_WHEAT,MSTDVAAADIPVPQVEVAADAAVDTPAAKPAKAPKAAKAKKSTPGPKKPRVTPAHPSYAEMVSEAIAALKERSGSSTIAIGKFIEDKHKAHLPANFRKILLTQIKKLVAAGKLTKVKGSYKLAKAPAAVKPKTATKKKPAAKPKAKAPAKKTAAKSPAKKAAAKPKAKAPAKAKAVAKPKAAAKPKAAAKPKAKAAAKKAPAAATPKKPAARKPPTKRATPVKKAAPAKKPAAKKAKK,238,2,2,6.9
Q01902,RT07_WHEAT,MGDFDGEQKELIKKLVNFRMIDGKRTRVRAIVYKTFHRLARTERDVIKLMVDAVDNIKPICEVVKVGVAGTIYDVPGIVARDRQQTLAIRWILGAAFKRRISYRISLEKCSFAEILDAYRKRGISRKRRENLHGLASTNRSFAHFRWW,148,1,3,6.54
P16315,GLTC_WHEAT,MKTFLVFALLAVVATSTIAQMETSCIPGLERPWQEQPLPPQHTLFPQQQPFPQQQQPPFSQQQPSFLQQQPILPQLPFSQQQQPVLPQQSPFSQQQLVLPPQQQYQQVLQQQIPIVQPSVLQQLNPCKVFLQQQCNPVAMPQRLARSQMLQQSSCHVMQQQCCQQLPQIPEQSRYDVIRAITYSIILQEQQQGFVQAQQQQPQQLGQGVSQSQQQSQQQLGQCSFQQPQQQLGQQPQQQQVLQGTFLQPHQIAHLEVMTSIALRTLPTMCSVNVPLYSSTTSVPFSVGTGVGAYL,295,3,2,5.89
D6QZM4,AVLB9_WHEAT,MKVFILALLALAATTAIAQLETTCSQGFGQSQQQQQPGQRQLLEQMKPCVAFLQQKCSPLRMPFLQTQVEQLSSCQIVQYQCCQQLAQIPERTRCHAIHIVVEAIIQQQSQQQWQEPQQQAQHKSMRMLLENLSLMCNIYVPVQCQQQQQLGQQQQQQLQEQLTPCTTFLQQQCSPVTVPFPQIPVDQPTSCQNVQYQCCRQLSQIPEQFRCQAIHNVAEAIRQQQPQQQWQGMYQPQQPAQLESIRMSLQALRSMCSIYIPVQCPAPTTYNIPLVATYTGGAC,284,3,3,5.91
O04437,GSTZ_WHEAT,MATAKPILYGAWISSCSHRVRIALNLKGVDYEYKAVNPRTDPDYEKINPIKYIPALVDGDFVLSDSLAIMLYLEDKYPQHPLVPKDIKTKGLDLQIANIVCSSIQPLQGYGVIGLHEGRLSPDESLEVVQRYIDKGFRAIEKLLDGCDSKYCVGDEVHLGDVCLAPQIHAAINRFQIDMTKYPILSRLHDAYMKIPAFQAALPQNQPDAPSAK,213,3,1,6.01
A3RCV9,IF4E3_WHEAT,MEPAVERKVPEQEEQLQPSHARAEDAPPAAVEEEDEAEAEESERRNRELKAGLHPLRRKLVLWYTRRTPGTRSQSYEDNIKKIVDFSTVESFWVCYCHLARPSSLPSPTDLHLFKEGVRPLWEDPANRNGGKWIIRFKKAVSGRFWEDLVLVLVGDQLDYSDDVCGIVLSCRFNEDILSVWNRNASDHQAVMTLRDSIKRHLKLPHTYLMEYKPHDASLRDNSSYRNTWLRG,232,1,2,6.1
P12463,PSBA_WHEAT,MTAILERRESTSLWGRFCNWITSTENRLYIGWFGVLMIPTLLTATSVFIIAFIAAPPVDIDGIREPVSGSLLYGNNIISGAIIPTSAAIGLHFYPIWEAASVDEWLYNGGPYELIVLHFLLGVACYMGREWELSFRLGMRPWIAVAYSAPVAAATAVFLIYPIGQGSFSDGMPLGISGTFNFMIVFQAEHNILMHPFHMLGVAGVFGGSLFSAMHGSLVTSSLIRETTENESANEGYKFGQEEETYNIVAAHGYFGRLIFQYASFNNSRSLHFFLAAWPVVGIWFTALGISTMAFNLNGFNFNQSVVDSQGRVINTWADIINRANLGMEVMHERNAHNFPLDLAAVEVPSING,353,30,3,5.87
Q95H45,RK32_WHEAT,MAVPKKRTSMSKKRIRKNIWKKKTYFSIVQSYSLVKSRSFSSGNEHPKPKGFSGQQTNNKIFE,63,1,3,6.77
Q95H52,RR8_WHEAT,MGKDTIADLLTSIRNADMNKKGTVRVVSTNITENIVKILLREGFIESVRKHQERNRYFLVSTLRHQKRKTRKGIYRTRTFLKRISRPGLRIYTNYQGIPKVLGGMGIAILSTSRGIMTDREARLNRIGGEVLCYIW,136,1,3,6.58
P10386,GLTB_WHEAT,MKTFLVFALLAVAATSAIAQMETRCIPGLERPWQQQPLPPQQTFPQQPLFSQQQQQQLFPQQPSFSQQQPPFWQQQPPFSQQQPILPQQPPFSQQQQLVLPQQPPFSQQQQPVLPPQQSPFPQQQQQHQQLVQQQIPVVQPSILQQLNPCKVFLQQQCSPVAMPQRLARSQMLQQSSCHVMQQQCCQQLPQIPQQSRYEAIRAIIYSIILQEQQQVQGSIQSQQQQPQQLGQCVSQPQQQSQQQLGQQPQQQQLAQGTFLQPHQIAQLEVMTSIALRILPTMCSVNVPLYRTTTSVPFGVGTGVGAY,307,4,2,5.93
P12300,GLGL3_WHEAT,RASPPSESRAPLRAPQRSATRQHQARQGPRRMCNGGRGPPYWTAGVTSAPARQTPLFSGRPSGGLSDPNEVAAVILGGGTGTQLFPLTSTRATPAVPIGGCYRLIDIPMSNCFNSGINKIFVMTQFNSASLNRHIHRTYLGGGINFTDGSVEVLAATQMPGEAAGWFRGTADAWRKIIWVLEDYYKNKSIEHILILSGDQLYRMDYMELVQKHVDDNADITLSCAPVGESRASEYGLVKFDSSGRVVQFSEQPKGDDLEAMKVDTSFLNFAIDDPAKYPYIASMGVYVFKRDVLLNLLKSRYAELHDFGSEILPRALHDHNVQAYVFTDYWEDIGTIRSFFDANRALCEQPPKFEFYDPKTPFFTSPRYLPPTKSDKCRIKEAIILHGCFLRECKIEHTAFSRLNSGSELKNAMMMGADSYETEDEMSRLMSEGKVPIGVGENTKISNCIIDMNARIGRDVVISNKEGVQEADRPEEGYYIRSGIVVIQKNATIKDGTVV,500,3,2,6.04
P02862,GLT2_WHEAT,LVSVEHQAARLKVAKAQQLAAQLPAMCRLEGGDALSASQ,39,2,2,6.14
P04568,EM1_WHEAT,MASGQQERSQLDRKAREGETVVPGGTGGKSLEAQENLAEGRSRGGQTRREQMGEEGYSQMGRKGGLSTNDESGGDRAAREGIDIDESKFKTKS,93,1,2,6.1
Q41575,H2B6_WHEAT,MAPKAEKKPKVEKRVPGKEGETSKKKAKKSNETYKIYIFKVLKQIDPNMGISSKSMSIINSIINDIFEKLAGESAKLARYNKKPTITSREIQTAVRLVFPGELAKHAVSEGTKAVTRFTVY,121,4,1,6.46
P17933,RR2_WHEAT,MTRRYWNINLKEMIEAGVHFGHGIKKWNPKMAPYISAKRKGTHIINLARTARFLSEACDLVFDAASQGKSFLIVGTKKRATDLVASAAIRARCHYVNKKWFSGMLTNWSITKTRLSQFRDLRAEEKMGKFHHLPKRDVAILKRKLSTLQRYLGGIKYMTRLPDIVIVLDQQKEYIALRECAILGIPTISLVDTNCDPDLANISIPANDDTMTSIRLILNKLVFSICEGRSLYIRNR,236,2,3,6.37
Q00434,PSBP_WHEAT,MASTSCFLHQSTARLAASARPAPAVGRTQLFVCKAQKNDEAASDAAVVTSRRAALSLLAGAAAIAVKVSPAAAAYGEAANVFGKAKKNTDFVAYSGEGFKLMIPAKWNPSKEREFPGQVLRYEDNFDATSNLSVIINPTTKKTITDYGSPEEFLSQVGFLLGQQSYGGKTDSEGGFESDAVATANVLESSAPVVDGKQYYSITVLTRTADGDEGGKHQLITATVADGKLYVCKAQRDKRWFKGAKKFVENAAGSFSVA,258,2,2,6.04
P24065,PSBB_WHEAT,MGLPWYRVHTVVLNDPGRLLAVHIMHTALVSGWAGSMALYELAVFDPSDPVLDPMWRQGMFVIPFMTRLGITDSWGGWSISGGTVTNPGIWSYEGVAGTHIVFSGLCFLAAIWHWVYWDLEIFSDERTGKPSLDLPKIFGIHLFLAGVACFGFGAFHVTGLYGPGIWVSDPYGLTGKVQAVNPAWGAEGFDPFVPGGIASHHIAAGTLGILAGLFHLSVRPPQRLYKGLRMGNIETVLSSSIAAVFFAAFVVAGTMWYGSATTPIELFGPTRYQWDQGYFQQEIYRRVSNGLAENLSLSEAWSKIPEKLAFYDYIGNNPAKGGLFRAGSMDNGDGIAVGWLGHPVFRDKEGRELFVRRMPTFFETFPVVLVDEEGIVRADVPFRRAESKYSVEQVGVTVEFYGGELNGVSYSDPATVKKYARRSQLGEIFELDRATLKSDGVFRSSPRGWFTFGHATFALLFFFGHIWHGARTLFRDVFAGIDPDLDAQVEFGTFQKVGDPTTRKQAA,508,8,3,5.99
P68855,PSBN_WHEAT,METATLVAISISGLLVSFTGYALYTAFGQPSQQLRDPFEEHGD,43,2,3,5.65
Q01481,WIR1B_WHEAT,MASHSAAGRRPTALVHIALFVAIAAVIINSSVCLGAAVHDAATSGTGALDPNVPAVPTPGGAGQPYTGRGCRTVYGCKPPAGSQP,85,4,4,6.14
D2KFH1,AVLA4_WHEAT,MKTMFILALIALAATSVVAQLDTTCSQGYGQCQQQPQQQVNTCSALLQQCSPTPYVQSQMWQASGCQLMRQQCCQPLAQISEQARCQAVCSVAQVIMRQQQGQSFGQPQQQVQSFSQPQHQVPIEITRMVLQTLPSMCNVNIPQYCTTTPCRTITQTPYNIPMSATCVGGTC,172,3,2,5.87
P02876,AGI2_WHEAT,MRKMMSTMALTLGAAVFLAFAAATAQAQRCGEQGSNMECPNNLCCSQYGYCGMGGDYCGKGCQNGACWTSKRCGSQAGGATCPNNHCCSQYGHCGFGAEYCGAGCQGGPCRADIKCGSQSGGKLCPNNLCCSQWGFCGLGSEFCGGGCQSGACSTDKPCGKDAGGRVCTNNYCCSKWGSCGIGPGYCGAGCQSGGCDAVFAGAITANSTLLAE,213,49,1,5.85
P15953,COX3_WHEAT,MIESQRHSYHLVDPSPWPISGSLGALATTVGGVMYMHSFQGGATLLSLGLIFILYTMFVWWRDVLRESTLEGHHTKAVQLGLRYGFILFIVSEVMFFFAFFWAFFHSSLAPTVEIGGIWPPKGIGVLDPWEIPLLNTLILLSSGAAVTWAHHAILAGKEKRAVYALVATVLLALVFTGFQGMEYYQAPFTISDSIYGSTFFLATGFHGFHVIIGTLFLIVCGIRQYLGQMTKKHHVGFEAAAWYWHFVDVVWLFLFVSIYWWGGI,265,7,2,5.98
P20159,DEF2_WHEAT,KVCRQRSAGFKGPCVSDKNCAQVCLQEGWGGGNCDGPFRRCKCIRQC,47,6,1,6.38
Q9S7U0,INO1_WHEAT,MFIESFKVESPNVKYTENEIHSVYDYETTEVVHENRNGTYQWVVKPKTVKYDFKTDTRVPKLGVMLVGWGGNNGSTLTAGVIANKEGISWATKDKVQQANYFGSLTQASSIRVGSYNGEEIYAPFKSLLPMVNPDDVVFGGWDISDMNLADAMARARVLDIDLQKQLRPYMEHMVPLPGIYDPDFIAANQGSRANSVIKGTKKEQVDQIIKDMREFKEKNKVDKLVVLWTANTERYSDVVVGLNDTMENLLASVEKNESEISPSTLYAIACVLEGIPFINGSPQNTFVPGLIELAISKNCLIGGDDFKSGQTKMKSVLVDFLVGAGIKPTSIVSYNHLGNNDGMNLSAPQTFRSKEISKSNVVDDMVASNGILFEPGEHPDHVVVIKYVPYVGDSKRAMDEYTSEIFMGGKNTIVMHNTCEDSLLAAPIILDLVLLAELSTRIQFKAEGEGKFHSFHPVATILSYLTKAPLVPAGTPVVNALSKQRAMLENILRACVGLAPENNMILEYK,510,1,2,5.92
Q9ST57,SPZ2A_WHEAT,MATTLATDVRLSIAHQTRFGFRLASTISSNPESTANNVAFSPVSLHVALSLITAGAGGATRDQLVATLGEGEAERLHALAEQVVQFVLADASYADSPRVTFANGVFVDASLPLKPSFQELAVCKYKAEAQSVDFQTKAAEVTAQVNSWVEKVTTGLIKDILPAGSISNTTRLVLGNALYFKGAWTDQFDSRVTKSDYFYLLDGSSIQTPFMYSSEEQYISSSDGLKVLKLPYKQGGDKRQFSMYILLPEAPSGIWSLAEKLSAEPELLERHIPRQKVALRQFKLPKFKISFGIEASDLLKHLGLQLPFSDEADLSEMVDSPMPQGLRISSVFHKTFVEVNETGTEAAAATIAKAVLLSASPPSDMDFIADHPFLFLIREDTSGVVLFIGHVVNPLRSL,398,3,1,5.94
Q1XH04,HGL1C_WHEAT,MALLAAATLNPTTHLSIRSRAGHNSENLWLRSAASSQKSKGRFCNLTVRAGTPSKPAEPIGPVFTKLKPWQIPKRDWFDKDFLFGASTSAYQIEGAWNEDGKGPSTWDHFCHTYPERISDRTNGDVAANSYHLYEEDVKALKDMGMKVYRFSISWSRILPNGTGKPNQKGIDYYNNLINSLIHHGIVPYVTIWHWDTPQALEDKYGGFLNRQIVNDYKHFAKVCFESFGDRVKNWFTFNEPHTYCCFSYGEGIHAPGRCSPGMDCAVPEGDSLREPYTAGHHILLAHAEAVELFKAHYNEHGDSKIGMAFDVMGYEPYQDSFLDDQARERSIDYNLGWFLEPVVRGDYPFSMRSLIGDRLPMFTKEEQEKLASSCDIMGLNYYTSRFSKHVDISSDFTPKLNTDDAYASSETKGSDGNDIGPITGTYWIYMYPKGLTDLLLIMKEKYGNPPIFITENGIADVDSDPTMTDPLDDWKRLDYLQRHISAVKDAIDQGADVRGHFTWGLIDNFEWSLGYSSRFGLVYIDKKDGNKRKLKKSAKWFAKFNSVPKALLKTTNTNNKPAVTASVSL,570,10,1,6.0
P58272,IF1C_WHEAT,MTEKKNRREKKNPREAKVTFEGLVTEALPNGMFRVRLENDTIILGYISGKIRSSSIRILMGDRVKIEVSRYDSSKGRIIYRLPHKDSKRIEDSKDSEDLKDSEDLKDTKDSKD,113,2,3,6.32
P46526,CS66_WHEAT,MDHQAHGAGEKKGIMEKIKEKLPGGHGDHKETAGAHGHAGTVTHGAPATGGAYGQEGHTGTTGTGLHGAHAGEKKGVMENIKDKLPGGHADHQQTGGTYGQQGHTGTATHGTLATGGTYGQQGHTGTAMHGTPATNGTYGEHGHTGTATGGSYGEQRHTGVTGTGTHDIGEKKSLMENIKEKLPGGHGDNQQTAGTYGQQGHFATGTHGTPATGGTYGEQGHAGVTGTGTHGTGEKKGLMENIKDKLPGGHGDHQQTGGTYGQQGHTGAATHGTPAGGGTYEQHGHTGMTGTGTHGTGGKKGVMENIKDKLPGGHSDNQQTGGAYEQQGHTGAATHGTPASGGTYEQHGHTGMTGTGTHGTGEKKAVMENIKDKLPGGHGDHQQTGGAYGQQGHTGTATHGTPAGGGTYEQHGNTGMTGTETHGTTATGGTHGQHGHTGTTGTGTHGTDGVGEKKSLMDKIKDKLPGQH,469,24,2,6.05
P07747,CYB_WHEAT,MTIRNQRFSLLKQPIYSTLNQHLIDYPTPSNLSYWWGFGSLAGICLVIQIVTGVFLAMHYTPHVDLAFNSVEHIMRDVEGGWLLRYMHANGASMFFIVVYLHIFRGLYYASYSSPREFVWCLGVVIFLLMIVTAFIGYVLPWGQMSFWGATVITSLASAIPVVGDTIVTWLWGGFSVDNATLNRFFSLHYLLPFILVGASLLHLAALHQYGSNNPLGVHSEMDKIAFYPYFYVKDLVGWVAFAIFFSIWIFFAPNVLGHPDNYIPANPMSTPPHIVPEWYFLPIYAILRSIPDKAGGVAAIALVFISLLALPFFKEMYVRSSSFRPIYQGIFWLLLADCLLLGWIGCQPVEAPFVTIGQISSVFFFLFFAITPILGRVGRGIPKYYTDETHRTGSFWP,398,14,2,5.98
P11515,CBP3_WHEAT,MATTPRLASLLLLLALCAAAAGALRLPPDASFPGAQAERLIRALNLLPGRPRRGLGAGAEDVAPGQLLERRVTLPGLPEGVGDLGHHAGYYRLPNTHDARMFYFFFESRGKKEDPVVIWLTGGPGCSSELAVFYENGPFTIANNMSLVWNKFGWDKISNIIFVDPATGTGFSYSSDDRDTRHDEAGVSNDLYDFLQVFFKKHPEFVKNDFFITGESYAGHYIPAFASRVHQGNKKNEGTHINLKGFAIGNGLTDPAIQYKAYTDYALDMNLIQKADYDRINKFIPPCEFAIKLCGTDGKASCMAAYMVCNSIFNSIMKLVGTKNYYDVRKECEGKLCYDFSNLEKFFGDKAVRQAIGVGDIEFVSCSTSVYQAMLTDWMRNLEVGIPALLEDGINVLIYAGEYDLICNWLGNSRWVHSMEWSGQKDFAKTAESSFLVDDAQAGVLKSHGALSFLKVHNAGHMVPMDQPKAALEMLRRFTQGKLKESVPEEEPATTFYAAI,500,12,2,5.97
Q84N29,NLTP3_WHEAT,MARLNSKAVAAAVVLAAVVLMMAGREASAALSCGQVDSKLAPCVAYVTGRASSISKECCSGVQGLNGLARSSPDRKIACRCLKSLATSIKSINMGKVSGVPGKCGVSVPFPISMSTNCNNVN,122,6,2,6.2
P26759,GER3_WHEAT,MGYSKNIASGMFAMLLLASAVLSSNPHPLQDFCVADLDGKAVSVNGHMCKPMSEAGDDFLFSSKLAKAGNTSTPNGSAVTDLNVAEWPGTNTLGVSMNRVDFAPGGTNPPHIHPRATEIGIVMKGELLVGILGSLDSGNKLYSRVVRAGETFLIPRGLMHFQFNVGKTEASMVVFFNSQSPSVVFVPLTLFGSNPPIPKPVLTKALRVEAGVVELLKSKFAGGS,224,9,1,6.01
P10968,AGI1_WHEAT,MKMMSTRALALGAAAVLAFAAATAQAQRCGEQGSNMECPNNLCCSQYGYCGMGGDYCGKGCQNGACWTSKRCGSQAGGATCTNNQCCSQYGYCGFGAEYCGAGCQGGPCRADIKCGSQAGGKLCPNNLCCSQWGFCGLGSEFCGGGCQSGACSTDKPCGKDAGGRVCTNNYCCSKWGSCGIGPGYCGAGCQSGGCDGVFAEAITANSTLLQE,212,49,1,5.82
P46524,CO410_WHEAT,MEDERSTQSYQGGEAAEQVEVTDRGLLGNLLGKKKAEEDKEKEEELVTGMEKVSVEEPEVKKEEHEDGEKKETLFSKLHRSSSSSSSSSDEEEEEVIDDNGEVIKRKKKKGLKEKLQGKLPGHKDTEGEHVTGLPAPAAPASVQTHGGHHDTDVVVEKIDGDVKTEAAPAVPEEEKKGFLEKIKEKLPGGHKKPEDAAAVPVTHAAPAPVHAPVPAPEEVSSPDAKEKKGLLGKIMDKLPGYHKTGEEDKAAAATGEHKPSA,262,6,2,5.97
P02861,GLT1_WHEAT,EKLGQGQQPRQWLQPRQGQQGYYPTSPQQSGQGQQLGQGQQGYYPTSPQQSGQGQQGYDSPYHVSAEHQAASLKVAKAQQLAAQLPAMCRLEGGDALLASQ,101,2,2,5.99
Q9AUJ7,IF4B1_WHEAT,MAKPWGGVGAWALDAEREDEEREHAAAFPAPDPPAAAGGAASFPSLKEAVVAGGGKQKKKKGTTLSLSEFTTYGAAGAPRRVAPAEPKGLTPQEMMMLPTGPRERSEDELDRSRGFRSYGGDREPRGGGFDDDRRSSRDSDLDMPSRADESDNWGKNKSFSPAPTDSGRRDRLSGPSPLGRSDDIDNWSRDKKPLPSRYPSLGTGGGFRESSGGGFRESSGGGFRESSGGGFRDSPGPSDSDRWVRGAVPAPMTNNGDRPRLNLNPPKRDPSATPVPAAEVARSRPSPFGAAKPREEVLAEKGLDWRKMEGEIEKKTSRPTSSHSSRPNSAHSSRPGSPGSQVSAVGSEGAPRARPKVNPFGDAKPREVVLQEKGKDWRKIDLELEHRAVNRPESEEEKNLKEEINLLKVDLKEIEAIAGDGSEQAKEVSEKISQMEKQLDLLTVELDDKIRFGQRPSSGAGRAAAFPPASEEPHVAVAHMDRPRSRGGVETYPKPVEERWGFHGSRERGSFGGGGSSDRSSTRQGW,527,6,1,6.18
P10388,GLT5_WHEAT,MAKRLVLFVAVVVALVALTVAEGEASEQLQCERELQELQERELKACQQVMDQQLRDISPECHPVVVSPVAGQYEQQIVVPPKGGSFYPGETTPPQQLQQRIFWGIPALLKRYYPSVTCPQQVSYYPGQASPQRPGQGQQPGQGQQGYYPTSPQQPGQWQQPEQGQPRYYPTSPQQSGQLQQPAQGQQPGQGQQGQQPGQGQPGYYPTSSQLQPGQLQQPAQGQQGQQPGQAQQGQQPGQGQQPGQGQQGQQPGQGQQPGQGQQGQQLGQGQQGYYPTSLQQSGQGQPGYYPTSLQQLGQGQSGYYPTSPQQPGQGQQPGQLQQPAQGQQPGQGQQGQQPGQGQQGQQPGQGQQPGQGQPGYYPTSPQQSGQGQPGYYPTSSQQPTQSQQPGQGQQGQQVGQGQQAQQPGQGQQPGQGQPGYYPTSPQQSGQGQPGYYLTSPQQSGQGQQPGQLQQSAQGQKGQQPGQGQQPGQGQQGQQPGQGQQGQQPGQGQPGYYPTSPQQSGQGQQPGQWQQPGQGQPGYYPTSPLQPGQGQPGYDPTSPQQPGQGQQPGQLQQPAQGQQGQQLAQGQQGQQPAQVQQGQRPAQGQQGQQPGQGQQGQQLGQGQQGQQPGQGQQGQQPAQGQQGQQPGQGQQGQQPGQGQQGQQPGQGQQPGQGQPWYYPTSPQESGQGQQPGQWQQPGQGQPGYYLTSPLQLGQGQQGYYPTSLQQPGQGQQPGQWQQSGQGQHWYYPTSPQLSGQGQRPGQWLQPGQGQQGYYPTSPQQPGQGQQLGQWLQPGQGQQGYYPTSLQQTGQGQQSGQGQQGYYSSYHVSVEHQAASLKVAKAQQLAAQLPAMCRLEGGDALSASQ,848,3,3,5.88
Q43199,APT1_WHEAT,MASDGRVERIASSIRAIPNFPKPGILFQDITTLLLDPQAFRDTTDLFVERYKDKDITVVAGVEARGFIFGPPIALAIGAKFVPIRKPKKLPGEVISEEYSLEYGTDKIEMHVGAVQPNDRVLIVDDLIATGGTLCAAAKLIERVGAKVVECACVIELPELKGRDKLGDMPVFVLVQADESV,181,1,2,5.99
O04705,GAO1D_WHEAT,MVQPVFDAAVLSGRADIPSQFIWPEGESPTPDAAEELHVPLIDIGGMLSGDPAAAAEVTRLVGEACERHGFFQVVNHGIDAELLADAHRCVDNFFTMPLPEKQRALRHPGESCGYASSFTGRFASKLPWKETLSFRSCPSDPALVVDYIVATLGEDHRRLGEVYARYCSEMSRLSLEIMEVLGESLGVGRAHYRRFFEGNDSIMRLNYYPPCQRPLETLGTGPHCDPTSLTILHQDNVGGLQVHTEGRWRSIRPRADAFVVNIGDTFMALSNGRYKSCLHRAVVNSRVPRKSLAFFLCPEMDKVVAPPGTLVDAANPRAYPDFTWRSLLDFTQKHYRADMKTLEVFSSWIVQQQQPQPART,361,8,1,6.04
A5A4L4,AVLB6_WHEAT,MKVFILALLALAATTAIAQLETTCSQGFGQSQQQQQPGQRQLLEQMKPCVAFLQQKCSPLRMPFLQTQVEQLSSCQIVQYQCCQQLAQIPERTRCHAIHIVVEAIIQQQSQQQWQEPQQQAQHKSMRMLLENLSLMCNIYVPVQCQQQQQLGQQQQQQLQEQLTPCTTFLQQQCSPVTVPFPQIPVDQPTSCQNVQHQCCRQLSQIPEQFRCQAIHNVAEAIRQQQPQQQWQGMYQPQQPAQLESIRMSLQALRSMCSIYIPVQCPAPTTYNIPLVATYTGGAC,284,3,3,5.92
Q7XB13,HGGT_WHEAT,MQATTAAAAAQLLTDTRRGPRCSRARLGATRLSWPGRFAVEAFAGRCQSSATTVTHRFSAISQATSPRRKARRQCSDDQSALQAGCSKVNRDQHGYDVNWFEEISQEVSKKLRAFYQFCRPHTIFGTIIGITSVSLLPMKSIDDFTATVLKGYLEALAAALCMNIYVVGLNQLYDIQIDKINKPGLPLAAGEFSVATGVFLVVTFLIMSFSIGIHSGSVPLMYALVVSFLLGSAYSIEAPLLRWKRHALLAASCILFVRAILVQLAFFAHMQQHVLKRPLAATKSLVFATLFMCCFSAVIALFKDIPDVDGDRDFGIQSLSVRLGPQRVYQLCISILLTAYLAATVVGASSTHLLQKIITVSGHGLLALTLWQRARHLEVENQARVTSFYMFIWKLFYAEYFLIPFVQ,408,11,2,6.14
Q70KG5,RAF1A_WHEAT,MARFLVALLATTLVAVQAGGQLGHAAPATAEVFWRAVLPHSPLPDAVLRLLKQPAAGVELLTEATSFVRDAEDRPPFDYRDYSRSPPDDEPSKSTGAASGARDFDYDDYSGGDKLRGAASGARDFDYDDYSGADKLRGATDEYKAPSSSLAGNGASMARGGKAETTTVFFHEEAVRVGKRLPFRFPPATPAALGFLPRQVADSVPFTTAALPGVLATFGVASDSATVASMEATLRACESPTIAGESKFCATSLEALVERAMEVLGTRDIRPVTSTLPRAGAPLQTYTVRSVRPVEGGPVFVACHDEAYPYTVYRCHTTGPSRAYMVDMEGARGGDAVTIATVCHTDTSLWNPEHVSFKLLGTKPGGTPVCHLMPYGHIIWAKNVNRSPA,389,3,1,6.02
O24473,IF2B_WHEAT,MADEEQMERKEEATEIAPFDPTKKKKKKKVVIQDPADEVDKLAEKTEGLSVTESGEASFVGLKKKKKKLVELDPSLVEAGDGEDTLDDQVGEDEQGEGIVLGGATQYPWEGTDRDYKYDELLGRVFNILRENNPDLAGDRRRTVMRPPQVLREGTKKTVFVNFMDLCKTMHRQPEHVMMFLLAEMGTSGSLDGQQRLVIKGRFAPKNFEAILRRYINEYVICHGCKSPDTILSKENRLFFLRCEQCGSSRSVAPIKAGFVAQVGRRKAGT,270,3,1,6.09
P83184,AGPE_WHEAT,YAEVPSPAAQAPTAD,15,7,1,5.56
Q43206,CATA1_WHEAT,MDPYKYRPSSSFNAPMWSTNSGAPVWNNDNSLTVGSRGPILLEDYHLVEKIADFDRERIPERVVHARGATAKGFFEVTHDVSHLTCADFLRAPGVQTPVIVRFSTVIHERGSPETLRDPRGFAIKFYTREGNWDLVGNNFPVFFIRDGMKFPDMVHALKPNPKTHIQENWRILDFFSHHPESLHMFTFLFDDIGVPADYRHMDGSGVNTYTLVNRAGKAHYVKFHWKPTCGVKSLLEEEAVTVGGTNHSHATKDLTDSIAAGNYPEWTFYIQTIDPDYEERFDFDPLDVTKTWPEDVVPLQPVGRLVLNRNIDNFFSENEQLAFCPGIIVPGVYYSDDKLLQTRIFSYSDTQRHRLGPNYLLLPANAPKCSHHNNHYDGLMNFMHRDEEVDYFPSRFDPAKHAPRYPIPSRTLNGRREKMVIEKENNFKQPGERYRSMDPARQERFINRWIDALSDPRLTHEIKAIWLSYWSQADKSLGQKLASRLSSKPSM,492,4,2,6.06
B1B5D5,NNJA3_WHEAT,MASRDFLGRFGGEKGASSDKAGGGAGEPDEVVELSLGLSLGGCFGANSGRDAKKPRLVRSSSLAAMCSLPGTSDDIAAATPPPAPLMRTSSLPTETEEERWRRREMQSLKRLQAKRKRLERRTSMNSGKSGGSSSRDDAQEPLYPSAFQLRRSVVDQGNASSSMPEQGSGDGAEAKSTSSMEISSDNNNQNKSLPPPAPSTAGKLPNGIVKEQPPLRTLRSLTMRTTSTGDLRKSMMEDMPIVSSKVDGPNSKKIDGFLYKYRKGEEVRIVCVCHGNFLTPAEFVKHAGGGDVTNPLRHIVVNPSPSVFL,310,1,3,6.16
Q43654,SSY1_WHEAT,MAATGVGAGCLAPSVRLRADPATAARASACVVRARLRRVARGRYVAELSREGPAARPAQQQQLAPPLVPGFLAPPPPAPAQSPAPTQPPLPDAGVGELAPDLLLEGIAEDSIDSIIVAASEQDSEIMDAKDQPQAKVTRSIVFVTGEAAPYAKSGGLGDVCGSLPIALAARGHRVMVVMPRYLNGSSDKNYAKALYTAKHIKIPCFGGSHEVTFFHEYRDNVDWVFVDHPSYHRPGSLYGDNFGAFGDNQFRYTLLCYAACEAPLILELGGYIYGQNCMFVVNDWHASLVPVLLAAKYRPYGVYRDSRSTLVIHNLAHQGVEPASTYPDLGLPPEWYGALEWVFPEWARRHALDKGEAVNFLKGAVVTADRIVTVSQGYSWEVTTAEGGQGLNELLSSRKSVLNGIVNGIDINDWNPTTDKCLPHHYSVDDLSGKAKCKAELQKELGLPVREDVPLIGFIGRLDYQKGIDLIKMAIPELMREDVQFVMLGSGDPIFEGWMRSTESSYKDKFRGWVGFSVPVSHRITAGCDILLMPSRFEPCGLNQLYAMQYGTVPVVHGTGGLRDTVETFNPFGAKGEEGTGWAFSPLTVDKMLWALRTAMSTFREHKPSWEGLMKRGMTKDHTWDHAAEQYEQIFEWAFVDQPYVM,647,3,2,6.0
P09864,IBB2_WHEAT,ATRPWKCCDRAICTKSFPPMCRCMDMVEQCAATCKKCGPATSDSSRRVCEDXY,53,9,1,6.03
P0CD55,NU2C2_WHEAT,MIWHVQNENFILDSTSIFMKAFHLLLFNGSFIFPECILIFGLILLLMFDSTSVQKDRPWFYFISSTCLVISITALLFRWREEPIISFSGNFQTNNFNEIFQFLILLCSTLCIPLSVEYIECTEMAITEFLLFVLTATLGGMFLCGANDLITIFVAPECFSLCSYLLSGYTERDLRSNGASLQYLLMGGAGSSILVHGFSWLYGSSGGEIELQEIVNGLINTQMYNSPGISLALISITVGLGFKLSPAPFHQWTPDVYEGSLLHFVAFHSITSKVAASASATRILEFSLYFSSNEWHLLLEILAILSMILGNLLAITQTSMKRMLAYSSIGQIGYVIIGIIVGDSNDGYASMITYMLFYISMNLGTFACIVLFGLRTGTDNIRDYAGLYTKDPFLALSLALCLLSLGGLPPLAGFFGKLYLFWCGWQAGLYFLVSIGLLTSVLSIYYYLKIIKLLMTGRNQEITPYVRNYRRSPLRSNNSIELSMTVCVIASTIPGISMNPILAIAQDTLF,510,13,3,5.85
P21292,GDBX_WHEAT,MKTLLILTILAMATTIATANMQVDPSGQVQWPQQQPFPQPQQPFCQQPQRTIPQPHQTFHHQPQQTFPQPQQTYPHQPQQQFPQTQQPQQPFPQPQQTFPQQPQLPFPQQPQQPFPQPQQPQQPFPQSQQPQQPFPQPQQQFPQPQQPQQSFPQQQQPAIQSFLQQQMNPCKNFLLQQCNHVSLVSSLVSIILPRSDCQVMQQQCCQQLAQIPQQLQCAAIHSVAHSIIMQQEQQQGVPILRPLFQLAQGLGIIQPQQPAQLEGIRSLVLKTLPTMCNVYVPPDCSTINVPYANIDAGIGGQ,302,2,3,5.9
P62728,RK36_WHEAT,MKIRASVRKICTKCRLIRRRGRIRVICSNPKHKQRQG,37,1,3,7.56
Q43312,H2A7_WHEAT,MAGRGKAIGSGAAKKAISRSSKAGLQFPVGRIARFLKAGKYAERVGAGAPVYLAAVLEYLAAEVLELAGNAARDNKKTRIVPRHIQLAVRNDEELSRLLGMVTIASGGVMPNIHNLLLPKKAGGSKAVAADDDS,134,2,2,6.37
P31251,UBE12_WHEAT,MLPRKREIVAGEVEDLQKKTRAGEGEATREEGDAAMAGRGNEIDEDLHSRQLAVYGRETMKPLFGSNVLVSGLQGLGAEIAKNLVLAGVKSVTLHDDGNVELWDLSSNFFLSENDVGQNRAQACVQKLQELNNAVLVSALTGDLTKEHLSKFQAVVFTDISLDKAIEFDDYCHSHQPPIAFIKSEVRGLFGSVFCDFGPEFTVLDVDGEEPHTGIVASISNDNPALVSCVDDERLEFQDGDLVVFSEVHGMTELNDGKPRKVKNARPYSFFLEEDTSSFGAYVRGGIVTQVKPPKVIKFKPLKEAMSEPGEFLMSDFSKFERPPLLHLAFQALDKFRTELSRFPVAGSTDDVQRVIEYAISINDTLGDRKLEEIDKKLLHHFASGSRAVLNPMAAMFGGIVGQEVVKACSGKFHPLYQFFYFDSVESLPVDPLEPGDLKPKNSRYDAQISVFGSTLQNKLEEAKIFMVGSGALGCEFLKNLALMGISCSQNGNLTVTDDDVIEKSNLSRQFLFRDWNIGQPKSTVAATAAMVINPKLHVEALQNRASPETENVFNDAFWENLDAVVNALDNVTARMYIDSRCVYFQKPLLESGTLGAKCNTQMVIPHLTENYGASRDPPEKQAPMCTVHSFPHNIDHCLTWARSEFEGLLEKTPTEVNAFLSNPTTYISAARTAGDAQARDQLERVIECLDRDKCETFQDSITWARLKFEDYFSNRVKQLTFTFPEDSMTSSGAPFWSAPKRFPRPVEFSSSDPSQLSFILAAAILRAETFGIPISEWAKTPNKLAAEAVDKVIVPDFQPKQGVKIVTDEKATSLSSASVDDAAVIEELIAKLEEVSKTLPSGFHMNPIQFEKDDDTNFHMDVIAGFANMRARNYSIPEVDKLKAKFIAGRIIPAIATSTAMATGLVCLELYKALAGGHKVEDYRNTFANLAIPLFSIAEPVPPKTIKHQELSWTVWDRWTVTGNITLRELLEWLKEKGLNAYSISCGTSLLYNSMFPRHKERLDRKVVDVAREVAKMEVPSYRRHLDVVVACEDDDDNDVDIPLVSVYFR,1051,10,2,5.91
P69398,PSAI_WHEAT,MTDLNLPSIFVPLVGLVFPAIAMTSLFLYVQKNKIV,36,2,3,5.98
P46285,S17P_WHEAT,METVAAAGYAHGAATRSPACCAAMSFSQSYRPKAARPATSFYGESLRANTARTSFPAGRQSKAASRAALTTRCAIGDSLEEFLTKATPDKNLIRLLICMGEAMRTIAFKVRTASCGGTACVNSFGDEQLAVDMLADKLLFEALEYSHVCKYACSEEVPELQDMGGPVEGGFSVAFDPLDGSSIVDTNFTVGTIFGVWPGDKLTGVTGGDQVAAAMGIYGPRTTFVVALKDCPGTHEFLLLDEGKWQHVKDTTSIGEGKMFSPGNLRATFDNPDYDKLVNYYVKEKYTLRYTGGMVPDVNQIIVKEKGIFTNVTSPTAKAKLRLLFEVAPLGFLIEKAGGHSSDGKQSVLDKVISVLDERTQVAYGSKNEIIRFEETLYGSSRLAASATVGATA,393,12,2,5.98
Q3I410,G3O22_WHEAT,MPTPAHLSKDPRYFDFRAARRVPETHAWPGLHDHPVVDGSGAGGGPDAVPVVDMRDPCAAEAVALAAQDWGAFLLEGHGVPLELLARVEAAIAGMFALPASEKMRAVRRPGDSCGYGSPPISSFFSKCMWSEGYTFSPANLRSDLRKLWPKAGHDYRHFCAVMEEFHREMRALADKLLELFLVALGLTGEQVAAVESEQKIAETMTATMHLNWYPKCPDPKRALGLIAHTDSGFFTFVLQSLVPGLQLFRHGPDRWVTVPAVPGAMVVNVGDLFQILTNGRFHSVYHRAVVNRDSDRISLGYFLGPPAHVKVAPLREALAGTPAAYRAVTWPEYMGVRKKAFTTGASALKMVAISTDNDAANHTDDLISS,370,6,2,6.08
P81496,ALCC_WHEAT,SFREQCVPGREITYECLNACAEYAVRQ,27,2,1,5.9
P00228,FER_WHEAT,MAAALSLRAPFSLRAVAPPAPRVALAPAALSLAAAKQVRGARLRAQATYKVKLVTPEGEVELEVPDDVYILDQAEEEGIDLPYSCRAGSCSSCAGKLVSGEIDQSDQSFLDDDQMEAGWVLTCHAYPKSDIVIETHKEEELTA,143,7,1,5.84
P82977,ICIW_WHEAT,MSSVVKKPLGGNTDTGDHHNQKTEWPELVGKSVEEAKKVILQDKSEAQIVVLPVGTIVTMEYRIDRVRLFVDSLDKIAQVPRVG,84,5,1,6.1
P46525,CS120_WHEAT,MENQAHIAGEKKGIMEKIKEKLPGGHGDHKETAGTHGHPGTATHGAPATGGAYGQQGHAGTTGTGLHGAHAGEKKGVMENIKDKLPGGHQDHQQTGGTYGQQGHTGTATHGTPATGGTYGQQGHTGTATHGTPATGGTYGEQGHTGVTGTGTHGTGEKKGVMENIKEKLPGGHGDHQQTGGTYGQQGHTGTATHGTPAGGGTYEQHGHTGMTGTGTHGTGEKKGVMENIKDKLPGGHGDHQQTGGTYGQQGHTGTATQGTPAGGGTYEQHGHTGMTGAGTHSTGEKKGVMENIKEKLPGGHSDHQQTGGAYGQQGHTGTATHGTPAGGGTYGQHGHAGVIGTETHGTTATGGTHGQHGHTGTTGTGTHGSDGIGEKKSLMDKIKDKLPGQH,391,22,2,6.08
P25032,EMBP1_WHEAT,MASSSSATSGDDRPPAAGGGTPAQAHAEWAASMHAYYAAAASAAGHPYAAWPLPPQAQQHGLVAAGAGAAYGAGAVPHVPPPPAGTRHAHASMAAGVPYMAGESASAAGKGKRVGKTQRVPSGEINSSSGSGDAGSQGSSEKGDAGANQKGSSSSAKRRKSGAAKTEGEPSQAATVQNAVTEPPLEDKERSASKLLVLAPGRAALTSAAPNLNIGMDPLSASPSSLVQGEVNAAASSQSNASLSQMDERELKRERRKQSNRESARRSRLRKQQECEELAQKVSELTAANGTLRSELDQLKKDCKTMETENKKLMGKILSHDDKMQQSEGPSVVTTLSIQVEAPEPHQGGHGKAS,354,4,1,6.12
P46274,VDAC1_WHEAT,MGGPGLYSGIGKKAKDLLYRDYQTDHKFTLTTYTANGPAITATSTKKADLTVGEIQSQIKNKNITVDVKANSASNVITTITADDLAAPGLKTILSFAVPDQKSGKVELQYLHDYAGINASIGLTANPVVNLSGAFGTSALAVGADVSLDTATKNFAKYNAALSYTNQDLIASLNLNNKGDSLTASYYHIVEKSGTAVGAELTHSFSSNENSLTFGTQHTLDPLTLVKARINNSGKASALIQHEFMPKSLCTISAEVDTKAIEKSSKVGIAIALKP,275,1,2,5.97
Q43723,IACX1_WHEAT,MAFKHQLILSTAILLAVLAAASASFREQCVPGREITYESLNARREYAVRQTCGYYLSAERQKRRCCDELSKVPELCWCEVLRILMDRRVTKEGVVKGSLLQDMSRCKKLTREFIAGIVGRE,121,2,2,6.3
P12073,RPOA_WHEAT,MVREEVAGSTQTLQWKCVESRVDSKRLYYGRFILSPLRKGQADTVGIALRRALLGEIEGTCITRAKFGSVPHEYSTIAGIEESVQEILLNLKEIVLRSNLYGVRDASICVKGPRYITAQDIILPPSVEIVDTAQPIANLTEPIDFCIDLQIKRDRGYQTELRKNYQDGSYPIDAVSMPVRNVNYSIFSCGNGNEKHEILFLEIWTNGSLTPKEALYEASRNLIDLFLPFLHAEEEGASFEENKNRFTPPLFTFQKRLTNLKKNKKGIPLNCIFIDQLELTSRTYNCLKRANIHTLLDLLSKTEEDLLRIDSFRMEDRKHIWDTLEKHLPIDLLKNKLSF,339,8,3,6.05
P68428,H32_WHEAT,MARTKQTARKSTGGKAPRKQLATKAARKSAPATGGVKKPHRFRPGTVALREIRKYQKSTELLIRKLPFQRLVREIAQDFKTDLRFQSSAVSALQEAAEAYLVGLFEDTNLCAIHAKRVTIMPKDIQLARRIRGERA,136,15,1,6.67
P12358,PSBR_WHEAT,SGGKKIKVDKPLGLGGGLTVDIDA,24,2,1,6.19
P0CD54,NU2C1_WHEAT,MIWHVQNENFILDSTSIFMKAFHLLLFNGSFIFPECILIFGLILLLMFDSTSVQKDRPWFYFISSTCLVISITALLFRWREEPIISFSGNFQTNNFNEIFQFLILLCSTLCIPLSVEYIECTEMAITEFLLFVLTATLGGMFLCGANDLITIFVAPECFSLCSYLLSGYTERDLRSNGASLQYLLMGGAGSSILVHGFSWLYGSSGGEIELQEIVNGLINTQMYNSPGISLALISITVGLGFKLSPAPFHQWTPDVYEGSLLHFVAFHSITSKVAASASATRILEFSLYFSSNEWHLLLEILAILSMILGNLLAITQTSMKRMLAYSSIGQIGYVIIGIIVGDSNDGYASMITYMLFYISMNLGTFACIVLFGLRTGTDNIRDYAGLYTKDPFLALSLALCLLSLGGLPPLAGFFGKLYLFWCGWQAGLYFLVSIGLLTSVLSIYYYLKIIKLLMTGRNQEITPYVRNYRRSPLRSNNSIELSMTVCVIASTIPGISMNPILAIAQDTLF,510,13,3,5.85
A5A4L5,AVLB4_WHEAT,MKVFILALLALTATTAIAQLETTCSQGFRQYQQQQQPGQRQLLEQMRPCVAFLQQQCRPLRMPFLQTQVEQLSSCQIVQYQCCQQLAQIPEQIRCHAIHNVVEAIMQQQSQQQRQERQQQAQHKSMRMLLENLSLMCNIYVPIQCQQQQQLGQQQQQQLQEQLTPCATFLQHQCSPVTVPFPQIPVDQPTSCQNVQHQCCRQLSQIPEQFRCQAIHNVAEAIRQQQPQQQWQGMYQPQQPAQLESIRMSLQALRSMCSIYIPVQCPAPTAYNIPMVATYTGGAC,284,3,3,5.96
P04726,GDA6_WHEAT,MKTFLILALLAIVATTATTAVRVPVPQPQPQNPSQPQPQGQVPLVQQQQFPGQQQQFPPQQPYPQPQPFPSQQPYLQLQPFPQPQPFPPQLPYPQPPPFSPQQPYPQPQPQYPQPQQPISQQQAQQQQQQQQQQQQQQQQQQILQQILQQQLIPCRDVVLQQHNIAHARSQVLQQSTYQPLQQLCCQQLWQIPEQSRCQAIHNVVHAIILHQQQRQQQPSSQVSLQQPQQQYPSGQGFFQPSQQNPQAQGSVQPQQLPQFEEIRNLALQTLPRMCNVYIPPYCSTTIAPFGIFGTN,296,2,3,5.95
W5EP13,CA1P_WHEAT,MLLFAPTPPPSPATAHRRPGGSAASCIRCSSVRELDRSPSRPPLPPLAEAKRVVLVRHGQSTWNADGRIQGSSDFSVLTPKGESQAETSRLMLLADSFDACFTSPLARSRRTAEIIWDTRDKDLIPDYDLREIDLYSFQGLLKHEGKEKYGALFQQWQKNPSDCSIDGHYPVRELWDRAQGCWERILTHEGKSVLVVAHNAVNQALVATSLGLGTEYFRTLLQSNCGASVLDFTPQPGGRPPSVCLNRLNQTPSSPISAESSAGRKSSKRIILVCQGATQSSSEGSLGGVGYAPLNMLGVIQAQKTAELLLDLKVNSIICSPQVAAVDTATAICEVQEAAGCLGADCVPRYVEMKNLLGLEIDDAFLTKQKSLEQIVQSGWMGGMEHQKLKTLWAQSEDAWQALVNELPEDDGAESDRVVVAIGHPAIHLGLLCRCLNLTMDYMPSFHLDDGSISVIDFPDGPKGGGIVRCTNYTAHLGRWSVPITKSTENNDEF,495,4,1,5.97
D0EWS4,AVLB7_WHEAT,MKVFILALLALAATTAIAQLETTCSQGFGQSQQQQQPGQRQLLEQMKPCAAFLQQKCSPLRMPFLQTQVEQLSSCQIVQYQCCQQLAQIPERTRCHAIHIVVEAIIQQQSQQQWQEPQQQAQHKSMRMLLENLSLMCNIYVPVQCQQQQQLGQQQQQQLQEQLTPCTTFLQQQCSPVTVPFPQIPVDQPTSCQNVQHQCCRQLSQIPEQFRCQAIHNVAEAIRQQQPQQQWQGMYQPQQPAQLESIRMSLQALRSMCSIYIPVQCPAPTTYNIPLVATYTGGAC,284,3,3,5.92
Q9XPT0,ATPI_WHEAT,MNIIPCSIKTLKGLYDISGVEVGQHFYWQIGGFQIHAQVLITSWVVITILLGSVVIAVRNPQTIPTDGQNFFEYVLEFIRDLSKTQIGEEYGPWVPFIGTMFLFIFVSNWSGALLPWKIIELPHGELAAPTNDINTTVALALLTSAAYFYAGLSKKGLSYFEKYIKPTPILLPINILEDFTKPLSLSFRLFGNILADELVVVVLVSLVPLVIPIPVMFLGLFTSGIQALIFATLAAAYIGESMEGHH,247,6,3,5.89
Q43209,PIMT_WHEAT,MAQFWAEGSLEKNNALVEYLKQYGVVRTDKVAEVMETIDRALFVPEGFTPYTDSPMPIGYNATISAPHMHATCLELLKDYLQPGMHALDVGSGSGYLTACFAMMVGPEGRAVGIEHIPELVVASTENVERSAAAALMKDGSLSFHVSDGRLGWPDAAPYDAIHVGAAAPEIPRPLLEQLKPGGRMVIPVGTYSQDLQVIDKSADGSTSVRNDASVRYVPLTSRSAQLQDS,230,14,1,5.89
P10969,AGI3_WHEAT,QRCGEQGSGMECPNNLCCSQYGYCGMGGDYCGKGCQNGACWTSKRCGSQAGGKTCPNNHCCSQYGHCGFGAEYCGAGCQGGPCRADIKCGSQAGGKLCPNNLCCSQWGYCGLGSEFCGEGCQNGACSTDKPCGKDAGGRVCTNNYCCSKWGSCGIGPGYCGAGCQSGGCDGVFAEAIATNSTLLAE,186,51,1,5.81
P0CZ07,AVLA2_WHEAT,MKTMFLLALLAFTATSAVAQLYTTCSQGYGQCQQQPQPQPQPQPQMNTCAAFLQQCIQTPYVQSQMWQASGCQLMRQQCCQPLAQISEQARCQAVCSVSQIIMRQQQGQRFGQPQQQQGQSFGQPQQQVPVEIMRMVLQTLPSMCSVNIPQYCTTTPCSTITPAIYSIPMTATCAGGAC,179,3,2,5.88
P62786,H42_WHEAT,MSGRDKGGKGLGKGGAKRHRKVLRDNIQGITKPAIRRLARRGGVKRISGLIYEETRGVLKIFLENVIRDAVTYTEHARRKTVTAMDVVYALKRQGRTLYGFGG,103,9,3,6.77
Q95H43,NU1C_WHEAT,MIIDRVEVETINSFWKLELLKEVYGLISILPILTLLLGITIEVLVIVWLEREISASIQQRIGPEYAGPLGLLQAIADGTKLLFKEDILPSRGDISLFSIGPSIAVISVLLSFLVIPLGYHFVLADLSIGVFLWIAISSIAPIGLLMAGYSSNNKYSFLGGLRAAAQSISYEIPLTFCVLAISLLSNSLSTVDIVEAQSKYGFFGWNIWRQPIGFLVFLISSLAECERLPFDLPEAEEELVAGYQTEYSGIKYGLFYLVSYLNLLVSSLFVTVLYLGGWNLSIPYISFFDFFQMNKAVGILEMTMGIFITLTKAYLFLFISITIRWTLPRMRMDQLLNLGWKFLLPISLGNLLLTTSFQLVSL,362,9,3,5.87
P62785,H41_WHEAT,MSGRGKGGKGLGKGGAKRHRKVLRDNIQGITKPAIRRLARRGGVKRISGLIYEETRGVLKIFLENVIRDAVTYTEHARRKTVTAMDVVYALKRQGRTLYGFGG,103,9,3,6.8
D7X0X2,D7X0X2_ECOLX,MSDLIAYKSNALVEASYKLTLQEQRFLLLCISRLKSGADAELQKTMTITAAEYFDSFPDMGRKNAEVQLQEAIDRLWDRSIILKNDEKREEFRWIQYRAQYAKGEAKARITFSDAVMPYLTQLKGQFTRVVIKNISGLSSSYSIRIYEFLQQFRSTGERIIALNDFRSMLGIENKYKQFRDLNKILIKPCVDELNKKSDLAVTVETIKKGRTVVALHFRFKEDKQIKMTI,230,1,4,6.19
A7ZLW1,A7ZLW1_ECO24,MQNQSLKIVFVQFGKIEDSDTEWANAQALSTEYSSSQAAGRASAGFAPGKIDVSPDNNHSVGLRLRDDLNFAREQGGFYIEIIPAYGMKSKKGSMVSVISDYELIYPKRSK,111,0,4,6.0
A0A028E150,A0A028E150_ECOLX,MTLYQIKPLFQSLLRPTMFWLYKHHVTANHITLAALALSLLTGLLLMLVAQPILFMLLPIVLFIRMALNALDGMLARECNQQTRLGAILNETGDVISDIALYLPFLFLPESNASLVILMLFCTILTEFCGLLAQTINGVRSYAGPFGKSDRALIFGLWGLAVAIYPQWMQWNNLLWSIASILLLWTAINRCRSVLLMSAER,201,5,4,6.01
A0A192CDN4,A0A192CDN4_ECOLX,MMPESLMVIRSFSTLRKHWEWMTFSADSVSSVHTLTDDLPLGSLADQPGAGNVHLLIPPEGLLYRSLTLPNAKYKLTAQTLQWLAEETLPDASQNWHWTVVDKQNESVEVIGIQSEKLSRYLERLHTAGLNVTRVLPDGCYLPWEVDSWTLVNQQTSWLIRSAAHAFNELDEHWLQHLANQFPPENMRCYGVAPHGVAAANPLIQHPEIPSLSLYSADIAFQRYDMLHGVFRKQKTVGKSGKWLTRLAVSCLVLAILSFVGSRGIALWQTLKIEDQLQQQQQETWQRYFPQIKHTHNFRFYFKQQLAQQYPEAVPLLYHLQTLLLEHSELQLMEANYSQRQKSLTLKMSAKSEANIDRFCELTQSWLPMEKTEKDPVSGVWTVRNSGK,388,2,4,6.01
V6FKA5,V6FKA5_ECOLX,MKKIPLGTTDITLSRMGLGTWAIGGGPAWNGDLDRQICIDTILEAHRCGINLIDTAPGYNFGNSEVIVGQALKKLPREQVVVETKCGIVWERKGSLFNKVGDRQLYKNLSPESIREEVEASLQRLGIDYIDIYMTHWQSVPPFFTPIAETVAVLNELKAEGKIRAIGAANVDADHIREYLQYGELDIIQAKYSILDRAMESELLPLCRDNGIVVQVYSPLEQGLLTGTITRDYVPGGARANKVWFQRENMLKVIDMLEQWQPLCARYQCTIPTLALAWILKQSDLISILSGATAPEQVRENVAALNISLSDADATLMREMAEALER,326,1,4,5.95
B7M9Z6,SLYA_ECO45,MESPLGSDLARLVRIWRALIDHRLKPLELTQTHWVTLHNIHQLPPDQSQIQLAKAIGIEQPSLVRTLDQLEEKGLISRQTCASDRRAKRIKLTEKAEPLISEMEAVINKTRAEILHGISAEELEQLIKLIAKLEHNIIELQAKG,144,3,3,6.17
I2W9K8,I2W9K8_ECOLX,MKEFLFLFHSTVGVIQTRKALQSAGMTFRVSDIPRDLRGGCGLCIWLTCPPGEEIQWVIPGLTESIYCQQDGVWRCIAHYRVSPR,85,1,4,6.12
A0A1S6T7G2,A0A1S6T7G2_ECOLX,MPKKNEAPASFEKALSELEQIVTRLESGDLPLEEALNEFERGVQLARQGQAKLQQAEQRVQILLSDNEDASLTPFTPDNE,80,1,3,5.73
W8ZS39,W8ZS39_ECOLX,MYETRYADNRTKLPQANQIAQFTAADALAADRQLFSSPADITFVIVGNVAEDKLVALITRYLGSIKHSDSPLAAGKPLTRATDNASVTVKEQNEPVAQVSQWKRYNSRTPVNLATRMALDAFNVALAKDLRINIREQASGAYSVSSRLSVDPQAKDISHLLAFTCQPERHDELLTLANEVMVKRLAKGISEQELNEYQQNVQRSLDIQQRSVQQLANTIVNSLIQYDDPAAWTEQEQLLKQMTVENVNTAVKQYLSHPVNTYTGVLLPK,269,1,4,6.0
S1IK49,S1IK49_ECOLX,MSGFKKGFLWGGAVAAHQLEGGWNEGGKGISIADVMTAGAHGVPREVTEGVIDGLNYPNHEAIDFYHRYKTDIQLFAEMGFKCFRTSIAWTRIFPQGDEQEPNEEGLQFYDDLFDECLKQGMEPVVTLSHFEMPYHLVTKYGGWRNRKLIDFFIRFASTVFTRYKEKVKYWMTFNEINNQVNFSESLCPFTNSGILYSPEEDINEREQIMYQAVHYELVASALAVQTGKSINPEFNIGCMIAMCPIYPLTCAPNDMMMATKAMHRRYWFTDVHARGYYPQHMLNYFARKGFNLDITPEDNAILARGCVDFIGFSYYMSFTTQFSPDNPQLDYVEPRDLVSNPYIDTSEWGWQIDPAGLRYSLNWLWDHFQLPLFIVEDGFGAVDQRQADGTVNDHYRIDYFASHIREMKKAVVEDGVDLIGYTPWGCIDLVSAGTGEMKKRYGMIYVDKDNEGKGTLERIRKASFYWYRDLIANNGENI,479,0,3,5.88
A0A029GD71,A0A029GD71_ECOLX,MAEPFAGAWQQGVKTDPESVLSFHAVFSCISLISQDIAKMRLRLMQTDAHGIRRETRRGDIARLCRRPNAQQNRIQFFELWLNAKLRHGNTVVLKIRNARGQIKELRILDWSRVEPLVADDGEVFYRITPDRNCGITEAVTVPAREVIHDRFNCFFHPLIGLPPVYAAGLAAMQGHHIQENSTSFFRNGGRPSGVIEIPGSITEENAKKLKSNWDSGYTGENAGKTAILSNGAKYNPTTFSPVDAQTVEQLKMTAEIVCSVFRVPAYKIGVGQPPSSDNVEALEQQYYSQCLQTLIESIELLLDEALETGENESTEFDVTTLLRMDSERRMKTLGDAVKNTLLTPNEARKRENLPPLAGGDALYLQQQNYSLEALSRRDAREDPFASSGKRVSAELPDGASDGNKAISETEHDVVKAMFRGILKK,425,0,4,6.05
A0A0H2YZ28,A0A0H2YZ28_ECOK1,MEQRHITGKSHWYHETQSSTAEYDVLPLVPEAAKVSDPFLLDVILDEETLAPFLSWLVPARVLAVELFPDPLTVTRSQTFTAYERLSTALTVAQVCGVQRLCNYYSARLTPLPGPDSSRESNHRLAQITQYARQLASSPSIIDNRSRQHLNDVGLTVCDCVIINQIIGFIGFQARTIATFQAYLGHPVRWLPGLEIQNYADASLFADESLRWRSSYEVEKLPEEHTKSSTAELCQLANTLSLHPISLSLLEKLLNSTRVNTQPGNLLAALLCARINGSPACFAACMNSSNEYKKISPLLRKGENEINRWADRHSVERATVQAIQWLTRAPDRFSAAQFSPLLEHEKSSTQIINLLVWSGLCGWINRLKIALGETY,375,0,4,6.01
E0J6V1,E0J6V1_ECOLW,MLDKIVIANRGEIALRILRACKELGIKTVAVHSSADRDLKHVLLADETVCIGPAPSVKSYLNIPAIISAAEITGAVAIHPGYGFLSENANFAEQVERSGFIFIGPKADTIRLMGDKVSAIAAMKKAGVPCVPGSDGPLGDDMDKNRAIAKRIGYPVIIKASGGGGGRGMRVVRGDAELAQSISMTRAEAKAAFNNDMVYMEKYLENPRHVEIQVLADGQGNAIYLAERDCSMQRRHQKVVEEAPAPGITPELRRYIGERCAKACVDIGYRGAGTFEFLFENGEFYFIEMNTRIQVEHPVTEMITGVDLIKEQLRIAAGQPLSIKQEEVHVRGHAVECRINAEDPNTFLPSPGKITRFHAPGGFGVRWESHIYAGYTVPPYYDSMIGKLICYGENRDVAIARMKNALQELIIDGIKTNVDLQIRIMNDENFQHGGTNIHYLEKKLGLQEK,449,0,4,6.08
A0A0S3NJU5,A0A0S3NJU5_9ESCH,MRQVLSSLLVIAGLVSSQAIAAPEPTPHADIRDSGFVYCVSGQVNTFNPSKASSGLIVDTLAAQFYDRLLDVDPYTYRLMPELAESWEVLDNGATYRFHLRRDVPFQQTAWFTPSRKMNADDVVFTFQRIFDRNNPWHNVNGSNFPYFDSLQFADNVKSVRKLDNYTVEFRLAQPDASFLWHLATHYASVMSAEYAGKLEKEDRQELLDRQPVGTGPYKLSENRAGQYIRLQRHDEFWRGKPLMPQVVVDLGSGGTGRLSKLLTGECDVLAWPAASQLSILRDDPRLRLTLRPGMNIAYLAFNTAKPPLNNPAVRHALALSINNQRLMQSIYYGTAETAASILPRASWAYDNEAKITEYNPAKSREQLKALGLENLTLKLWVPTRSQAWNPSPLKTAELIQADMAQVGVKVVIVPVEGRFQEARLMDMSHDLTLSGWATDSNDPDSFFRPLLSCAAIHSQTNLAHWCDPKFDSVLRKALSSQQLAARIEAYDEAQNILAQELPVLPLASSLRLQAYRYDIKGLVLSPFGNASFAGVYREKQNEVKKP,547,3,4,6.04
A0A0F3URL8,A0A0F3URL8_ECOLX,MSAIENFDAHTPMMQQYLKLKAQHPEILLFYRMGDFYELFYDDAKRASQLLDISLTKRGASAGEPIPMAGIPYHAVENYLAKLVNQGESVAICEQIGDPATSKGPVERKVVRIVTPGTISDEALLQERQDNLLAAIWQDSKGFGYATLDISSGRFRLSEPADRETMAAELQRTNPAELLYAEDFAEMSLIEGRRGLRRRPLWEFEIDTARQQLNLQFGTRDLVGFGVENAPRGLCAAGCLLQYAKDTQRTTLPHIRSITMEREQDSIIMDAATRRNLEITQNLAGGAENTLASVLDCTVTPMGSRMLKRWLHMPVRDTRVLLERQQTIGALQDFTAGLQPVLRQVGDLERILARLALRTARPRDLARMRHAFQQLPELRAQLETIDSAPVQALREKMGEFAELRDLLERAIIDTPPVLVRDGGVIASGYNEELDEWRALADGATDYLERLEVRERERTGLDTLKVGFNAVHGYYIQISRGQSHLAPINYMRRQTLKNAERYIIPELKEYEDKVLTSKGKALALEKQLYEELFDLLLPHLEALQQSASALAELDVLVNLAERAYTLNYTCPTFIDKPGIRITEGRHPVVEQVLNEPFIANPLNLSPQRRMLIITGPNMGGKSTYMRQTALIALMAYIGSYVPAQKVEIGPIDRIFTRVGAADDLASGRSTFMVEMTETANILHNATEYSLVLMDEIGRGTSTYDGLSLAWACAENLANKIKALTLFATHYFELTQLPEKMEGVANVHLDALEHGDTIAFMHSVQDGAASKSYGLAVAALAGVPKEVIKRARQKLRELESISPNAAATQVDGTQMSLLSVPEETSPAVEALENLDPDSLTPRQALEWIYRLKSLV,853,2,3,6.01
I4T7Q0,I4T7Q0_ECOLX,MDNVELSPATRWGMIATGLLQGLVCYLLIAWLAGKNHSWIVYGVPATVAFSSVLLFSVISFKQKRLWGWLALVFIATTGMSGWLKWQTDGMNPWRAEKAIWDFGCYLLLMAMLLLPWIQQSLRIRNGSSRYSYFYQSVWHNVLILLVIFLANGLTWLVLLLWGELFKLVGIKFFNTLFFATDWFMYLTLGLVTALAVILARTQSRLIDSIQKLFTLIATGLLPLVSLLTLMFIITLPFTGLSAISRHISAAGLLLTLAFLQLILMAIVRDPQKASLPWTGPLRCLIKTALLVAPLYVFVAAWALWLRVAQYGWTVDRLQGALAVLVLLVWSLGYFVSIVWRNGQNPLVLQGKVNLAVSLLVLVILVLLNSPVLDSMRISVNSHMARYQSGKNTPDQVTIYMLEQSGRYGRAALESLKSDAGFMKDPKRARDLLMALDGEQHLQEQVSEKVLAENVLIAPGSVKPDATFWSALIQDRYNVMTCIEKDACVLVEQDLNSDGQAERILFAFNDDRVIVYGFDSDRKEWDALDMSLLPNEITKEKLLTAAKDGKLGTRPKAWRDLTVDGETLEINLSK,574,11,4,6.03
A0A1X3K4N5,A0A1X3K4N5_ECOLX,MAQNAFIESFNRTYRTKILGFCLFRTLDEKRELAANWLSEYNSERHINYLTI,52,1,4,6.1
T9DJD8,T9DJD8_ECOLX,MSEFSQTVPELVAWARKNDFSISLPVDRLSFLLAVAMLNGERLDGEMSEGELVDAFRHVSDAFEQTSETIGVRANNAINDMVRQRLLNRFTSEQAEGNAIYRLTPLGIGITDYYIRQREFSTLRLSMQLSIVAGELKRAADAAEEGGDEFHWHRNVYAPLKYSVAEIFDSIDLTQRLMDEQQQQVKDDIAQLLNKDWRAAISSCELLLSETSGTLRELQDTLEAAGDKLQANLLRIQDATMTHDDLHFVDRLVFDLQSKLDRIISWGQQSIDLWIGYDRHVHKFIRTAIDMDKNRVFAQRLRQSVQTYFDEPWALTYANADRLLDMRDEEMALRDEEVTGELPEDLEYEEFNEIREQLAAIIEEQLAVYKTRQVPLDLGLVVREYLSQYPRARHFDVARIVIDQAVRLGVAQADFTGLPAKWQPINDYGAKVQAHVIDKY,440,4,3,5.89
I1TDS1,I1TDS1_9CAUD,MEIIAIILVVMLFIVVLISFAIMRRARELAEDLIKLRGELAAIKLQREALKLFVAQGSVEHTAEDFIVYLKRYMGIK,77,1,4,6.22
T5V5G2,T5V5G2_ECOLX,MKQSIVSLAQVIRSKNAGPYELVLDILFKTKENYERVKSSGQLTPELIARLYHVEPDFIHRIVWFDPSNAVKIVMPRDIISGNVGDNDVYGAQQHAPLLNMSFDL,105,0,4,6.02
A0A0H2Z1F2,A0A0H2Z1F2_ECOK1,MPNNSKKNCSIFNFWKLNMALLQISEPGLSAAPHQRRLAAGIDLGTTNSLVATVRSGQAETLADHEGRHLLPSVVHYQQQGHSVGYDARTNAALDTANTISSVKRLMGRSLADIQQRYPHLPYQFQASENGLPMIETAAGLLNPVRVSADILKALAARATEALAGELDGVVITVPAYFDDAQRQGTKDAARLAGLHVLRLLNEPTAAAIAYGLDSGQEGVIAVYDLGGGTFDISILRLSRGVFEVLATGGDSALGGDDFDHLLADYIREQAGIPDRSDNRVQRELLDAAIAAKIALSDADSVTVNVAGWQGEISREQFNELIAPLVKRTLLACRRALKDAGVEADEVLEVVMVGGSTRVPLVRERVGEFFGRPPLTSIDPDKVVAIGAAIQADILVGNKPDSEMLLLDVIPLSLGLETMGGLVEKVIPRNTTIPVARAQDFTTFKDGQTAMSIHVMQGERELVQDCRSLARFALRGIPALPAGGAHIRVTFQVDADGLLSVTAMEKSTGVEASIQVKPSYGLTDSEIASMIKDSMSYAEQDVKARMLAEQKVEAARVLESLHGALAADAALLSAAERQVIDDAAAHLSEVAQGDDVDAIEQAIKNVDKQTQDFAARRMDQSVRRALKGHSVDEV,634,0,3,5.96
A0A070D7U7,A0A070D7U7_ECOLX,MCDRQIANIDISKEYDESLGTDDVHYQSFARMAAFFGRHMLPHRHEQYFQMHFLNSGQIELQLDDHRYSVEAPLFVLTPPSVPHAFITESDADGHVLTVREDLIWPLLEVLYPGTRETFGLPGICLSLADKPDELAALEHYWQLIERESVEQLPGREHTLTLLAQAVFTLLLRNAKLDDHAASGMRGELKLFQRFNMLIESHFHQHWTVPDYANELHITESRLTDICRRFANRPPKRLIFDRQLREAKRLLLFSDNAVNNIAWQLGFKDPAYFARFFNRLVGCSPSAYRAKKVPVT,296,3,4,6.04
E3XPE2,E3XPE2_ECOLX,MKKLAIAGALMLLAGCAEVENYNNVVKTPAPDWLTGYWQTKGPQRALVSPEAIGSLIVTKEGDTLDCRQWQRVIAVPGKLTLMSDDLTNVTVKRELYEVERDGNTIEYDGMTMERVDRPTAECAAALDKAPLPTPLP,137,2,4,5.94
E1IVD3,E1IVD3_ECOLX,MSPTIYDIARVAGVSKSTVSRVLNKQTNISPEAREKVLRAIEELQYQPNKLARALTSSGFDAIMVISTRSTKTTAGNPFFSEVLHAITAKAEEEGFDVILQTSHNPAEDLQKCESKIKQKMIKGIIMLSSPADESFFAQLDKYDIPVVVIGKVEGQYAHVYSVDTDNFGDSIALTDALIESGHQNIACLHAPLDVHVSVDRVNGYKQSLAAHNIAVRDEWIVDGGYTHETALQAARELLSQSPLPEAVFATDSLKLMSIYRAAAEKNIAIPQQLAVVGYSNETLSFILTPAPGGIDIPTQELGQQSCELLFRLISGKPSPQNITVATHMTLK,332,2,4,5.93
S0XG20,S0XG20_ECOLX,MYERYAGLIFDMDGTILDTEPTHRKAWREVLGHYGLQYDVQAMIALNGSPTWRIAQAIIELNQADLDPHALAREKTEAVRSMLLDSVEPLPLVEVVKSWHGRRPMAVGTGSESAIAEALLAHLGLRRYFDAVVAADHVKHHKPAPDTFLLCAQRMGVQPTQCVVFEDADFGIQAARAAGMDAVDVRLL,188,0,4,6.01
I2W6V2,I2W6V2_ECOLX,MKLHHRMLRHFIAASVIVLTSSFLIFELVASDRAMSAYLRYIVQKADSSFLYDKYQNQSIAAHVMRALAAEQSEVSPEQRRAICEAFESANNTHGLNLTAHKYPGLRGTLQTASTDCDTIVEAAALLPAFDQAVEGNRHQDDYGSGLGMAEEKFHYYLDLNDRYVYFYEPVNVEYFAMNNWSFLQSGSIGIDRKDIEKVFTGRTVLSSIYQDQRTKQNVMSLLTPVYVAGQLKGIVLLDINKNNLRNIFYTHDRPLLWRFLNVTLTDTDSGRDIIINQSEDNLFQYVSYVHDLPGGIRVSLSIDILYFITSSWKSVLFWILTALILLNMVRMHFRLYQNVSRENISDAMTGLYNRKILTPELEQRLQKLVQSGSSVMFIAIDMDKLKQINDTLGHQEGDLAITLLAQAIKQSIRKSDYAIRLGGDEFCIILVDSTPQIAAQLPERIEKRLQHIAPQKEIGFSSGIYAMKENDTLHDAYKASDERLYVNKQNKNSRS,496,2,4,6.0
S0VGF3,S0VGF3_ECOLX,MWWPFSRKKSEQRNLSIDDFLALSGVPNTGSGEYVSAGTAESLPAVMNAVSVIAEAVATMPCYLYLVRNDKGREAREWLDSHPVDILLNEQPNSCQTPYQFKRTMMRHCLLNGNAYAVIEWGQDGQPKSLHPYAPGCVVPERTGAHKYRYTITEPCTGTVRTYLQEEVLHLRYASDDGFLGRSPVTICREALGLGLAQQRHGASIMKDGMMAAGIITSGEWLDGVKGKQALDALERYKGAKNAGKTPILEGGMDYKQLGMSNQDAEWLASRRFSIEDIARMFNVSPIFLQEYSNSTYSNFSEASRAFLTMTMRPWLANFEQQIKAALLVASPVPGTRYLVEFDSADLLRATPTERYATYEKGIKNGIMNPNEAREREGMPPREGGDEFSQAWKQTVEIKGEKDE,404,0,4,6.01
A0A1X3IEW3,A0A1X3IEW3_ECOLX,MNKIFKVIWNPATGNYTVTSETAKSRGKKSGRSKLLISALVAGGLLSSFGALADNYDGQGVDYGDGSASDGWVAIGKGAKANIFLNNAGASTALGYDAIAEGQYSSAIGSKTHAIGGASMAFGVSAISEGDRSIALGASSYSFGQYSMALGRYSKALGRLSIAMGDSSKADGANAIALGNAAKAAGIMSIGLGDNANASQDYAMALGAESEAAENATAIGNKAHAKGVNSIALGNGSQALADSAIAIGQGNKANGADAIALGNGSQSSGLNAIALGKASVVTGDNSLALGSNTNANGINSVALGAGSIADQDDSVSVGSDSLQRKIVNVKNGTIKADSHDAINGSQLYAISDSVAKRLGGGSSVNVDDGTVKAPTYNLKNGNKNNVGDALTVLDQFTLQWDQNRDKYSAAHGSSTASVITDVADGAVSDSSKDAVNGSQLKATNDDVETNTTNIATNTGNIATNTANIATNTTNITNLTDTVGDLKDDALLWNGTAFNAAHGTETTSTITNVKAGTLSDDSTDAVNGSQLKDTNDNVATNTTNIASNTANIATNTSNIADNTANIATNTSNIADNTANIATNTSNIAGNTANIATNTTNIAANTTSINSLNTSVDALEQDAMLWNGTAFNAAHGTETTSTITNVKAGTLSDDSTDAVNGSQLKATNDNVATNTTNIASNTANIATNTANINTLNTSIDTLEQDAILWNGTAYSAAHGTETASTITNVKAGTLSENSTDAVNGAQLNATNANVATNTTNIATNTASINTLNTSIDALEQDALLWDGTAFSAAHGANKDASKITNVLAGTVSSASTDAINGSQLHGLSSSIATYLGGGATVSDSGVFSGPTYNIDGNDYTNVGAALDAINTSLSDSLGDALLWDSTTGAFSAKHGSTASVITNVADGAVSDSSSDAVNGSQLYDVSNSVVDVLGGGAGVNTDGSISAPTYTIANTDYDNVGDALNALDTTLDDAMLWDATAGENGAFSASHDGSASKITNVAAGTISDTSTDAVNGAQLHGVSSSVAEALGGGAAVNSDGSISAPTYTIADTDYTNVGDAMNAIDSTLDNALLWDAAAGENGAFNASHDGKASVITNVANGQINETSTDAVNGSQLNATNMLIQNIAGDTSESYITENGEGINYVRTNDSGLVFEDASATGVGATAVGYNSVASGDSSVAIGQNSSSTIESGIALGSSSVSNRVILQGSRDTSVTEDGVVIGYNTSDGELLGALSIGDDGKYRQIINVADGSEAHDAVTVRQLQNAIGAVATTPSKYFHANSTEEDSLAVGEDSLAMGAKTIVNGDAGIGIGLNTLVLTDAINGIAIGSNASANHANSIAMGSGSQTTRGAQTDYTAYNMDAPQNSVGEFSVGSEDGQRQITNVAAGSADTDAVNVGQLKVTDERVAQNTQSITNLNNQVTNLDTRVTNIENGIGDIVTTGSTKYFKTNTDGVDANAQGKDSVAIGSGSIAAADNSVALGTGSVADEENTISVGSSTNQRRITNVAAGKNATDAVNVAQLKSSEAGGVRYDTKADGSIDYSNITLGGGNGGTTRISNVSAGVNNNDAVNYAQLKQSVQETKQYTDQRMVEMDNKLSKTESKLSGGIASAMAMTGLPQAYTPGASMASIGGGTYNGESAVALGVSMVSANGRWVYKLQGSTNSQGEYSAALGAGIQW,1674,15,4,5.71
L2VEG9,L2VEG9_ECOLX,MPIQVLPPQLANQIAAGEVVERPASVVKELVENSLDAGATRIDIDIERGGAKLIRIRDNGCGIKKDELALALARHATSKIASLDDLEAIISLGFRGEALASISSVSRLTLTSRTAEQQEAWQAYAEGRDMNVTVKPAAHPVGTTLEVLDLFYNTPARRKFLRTEKTEFNHIDEIIRRIALARFDVTINLSHNGKIVRQYRAVPEGGQKERRLGAICGTAFLEQALAIEWQHGDLTLRGWVADPNHTTPALAEIQYCYVNGRMMRDRLINHAIRQACEDKLGADQQPAFVLYLEIDPHQVDVNVHPAKHEVRFHQSRLVHDFIYQGVLSVLQQQLETPLPLDDEPQPAPRSIPENRVAAGRNHFAEPAAREPVAPRYTPAPASGSRPAAPWPNAQPGYQKQQGEVYRQLLQTPAPMQKLKAPEPQEPALAANSQSFGRVLTIVHSDCALLERDGNISLLSLPVAERWLRQAQLTPGEAPVCAQPLLIPLRLKVSAEEKSALEKAQSALAELGIDFQSDAQHVTIRAVPLPLRQQNLQILIPELIGYLAKQSVFEPGNIAQWIARNLMSEHAQWSMAQAITLLADVERLCPQLVKTPPGGLLQSVDLHPAIKALKDE,615,2,3,6.07
V6FZ97,V6FZ97_ECOLX,MQTKKNEIWVGIFLLAALLAALFVCLKAANVTSIRTEPTYTLYATFDNIGGLKARSPVSIGGVVVGRVADITLDPKTYLPRVTLEIEQRYNHIPDTSSLSIRTSGLLGEQYLALNVGFEDPELGTAILKDGDTIQDTKSAMVLEDLIGQFLYGSKGDDNKNSGDAPAAAPGNNETTEPVGTTK,183,1,4,5.88
W1X8N1,W1X8N1_ECOLX,KTIVRTGEKMIIDGLEFDFLMTPGSEAPAEMHFYIPALKALCTAENATHTLHNFYTLRGAKTRDTSKWTEYLNETLDMWGNDAEVLFMPHTWPVWGNKHINDYIGKYRDTIKYIHDQTLHLANQGYTMNEIGDMIKLPP,139,3,4,5.94
L4UYV2,L4UYV2_ECOLX,MILTLGPLLAGASLAISSYLLSLRWASDLNTVIDNVLRIFPLLLSWISFWLLYSIVPTIRVPNRDAIVGAFVAALLFEAGKKGFALYITMFPSYQLIYGVLAVIPILFVWVYWTWCIVLLGAEITVTLGEYRKLKQAAEQEEDDEP,146,3,3,5.91
D3H3Z6,D3H3Z6_ECO44,MSFATISVIGLGYIGLPTAAAFASRQKQVIGVDINQHAVDTINRGEIHIVEPDLASVVKTAVEGGFLRASTTPVEADAWLIAVPTPFKGDHEPDMTYVESAARSIAPVLKKGALVILESTSPVGSTEKMAEWLAEMRPDLTFPQQVGEQADVNIAYCPERVLPGQVMVELIKNDRVIGGMTPVCSARASELYKIFLEGECVVTNSRTAEMCKLTENSFRDVNIAFANELSLICADQGINVWELIRLANRHPRVNILQPGPGVGGHCIAVDPWFIVAQNPQQARLIRTAREVNDHKPFWVIDQVKAAVADCLAATDKRASELKIACFGLAFKPNIDDLRESPAMEIAELIAQWHSGETLVVEPNIHQLPKKLTGLCTLAQLDEALATADVLVMLVDHSQFKVINGDNVHQQYVVDAKGVWR,420,3,3,5.94
A0A0G3K6V7,A0A0G3K6V7_ECOLX,MQNKLASGARLGRQALLFPLCLVLYEFSTYIGNDMIQPGMLAVVEQYQAGIDWVPTSMTAYLAGGMFLQWLLGPLSDRIGRRPVMLAGVVWFIITCLAILLAQNIEQFTLLRFLQGISLCFIGAVGYAAIQESFEEAVCIKITALMANVALIAPLLGPLVGAAWIHVLPWEGMFVLFAALAAISFFGLQRAMPETATRIGEKLSLKELGRDYKLVLKNGRFVAGALALGFVSLPLLAWIAQSPIIIITGEQLSSYEYGLLQVPIFGALIAGNLLLARLTSRRTVRSLIIMGGWPIMIGLLVAAAATVISSHAYLWMTAGLSIYAFGIGLANAGLVRLTLFASDMSKGTVSAAMGMLQMLIFTVGIEISKHAWLNGGNGLFNLFNLVNGILWLLLMVIFLKDKQMGNSHEG,410,13,4,6.01
M9G0S7,M9G0S7_ECOLX,MATLTEDDVLEQLDAQDNLFSFMKTAHTILLQGIRQFLPSLFVDNDEEIVEYAVKPLLAQSGPLDDIDVALRLIYALGKMDKWLYADITHFSQFWHYLNEQDETPGFADDMTWDFISNVNSITRNATLYDALKAMKFADFAVWSEARFSGMVKTALTLAVTTTLKELTP,169,0,4,5.7
A0A0K5DZ34,A0A0K5DZ34_ECOLX,MRTACSPDGLCSDGNGLELKCPFTSRDFMKFRLGGFEAIKSAYLAQVQYSMWVTRKDAWYFANYDPRMKREGLHYVVVERDEKYMAGFDEMVPEFIEKMDEALAEIGFVFGEQWR,115,1,4,5.94
D7GKM2,D7GKM2_ECOLX,MKRAPVIPKHTLNTQPVEDTSLSTPAAPMVDSLIARVGVMARGNAITLPVCGRDVKFTLEVLRGDSVEKTSRVWSGNERDQELLTEDALDDLIPSFLLTGQQTPAFGRRVSGVIEIADGSRRRKAAALTESDYRVLVGELDDEQMAALSRLGNDYRPTSAYERGQRYASRLQNEFAGNISALADAENISRKIITRCINTAKLPKSVVALFSHPGELSARSGDALQKAFTDKEELLKQQASNLHEQKKAGVIFEAEEVITLLTSVLKTSSASRTSLSSRHQFAPGATVLYKGDKMVLNLDRSRVPTECIEKIEAILKELEKPAP,323,1,3,6.1
A0A1X3IGQ1,A0A1X3IGQ1_ECOLX,MAGWHLDTKMAQDIVARTMRIIDTNINVMDARGRIIGSGDRERIGELHEGALLVLSQGRVVDIDDAVARHLHGVRQGINLPLRLEGEIVGVIGLTGEPENLRKYGELVCMTAEMMLEQSRLMHLLAQDSRLREELVMNLIQAEENTPALTEWAQRLGIDLNQPRVVAIVEVDSGQLGVDSAMAELQQLQNALTTPERNNLVAIVSLTEMVVLKPALNSFGRWDAEDHRKRVEQLITRMKEYGQLRFRVSLGNYFTGPGSIARSYRTAKTTMVVGKQRMPESRCYFYQDLMLPVLLDSLRGDWQANELARPLARLKAMDNNGLLRRTLAAWFRHNVQPLATSKALFIHRNTLEYRLNRISELTGLDLGNFDDRLLLYVALQLDEER,385,2,4,6.09
E9TMT8,E9TMT8_ECOLX,MNVAQADVLNLESGAKQVLQETFGYQQFRPGQEEIIDTVLSGRDCLVVMPTGGGKSLCYQIPALLLNGLTVVVSPLISLMKDQVDQLQANGVAAACLNSTQTREQQLEVMTGCRTGQIRLLYIAPERLMLDNFLEHLAHWNPVLLAVDEAHCISQWGHDFRPEYAALGQLRQRFPTLPFMALTATADDTTRQDIVRLLGLNDPLIQINSFDRPNIRYMLMEKFKPLDQLMRYVQEQRGKSGIIYCNSRAKVEDTAARLQSKGISAAAYHAGLENNVRADVQEKFQRDDLQIVVATVAFGMGINKPNVRFVVHFDIPRNIESYYQETGRAGRDGLPAEAMLFYDPADMAWLRRCLEEKPQGQLQDIERHKLNAMGAFAEAQTCRRLVLLNYFGEGRQEPCGNCDICLDPPKQYDGSTDAQIALSTIGRVNQRFGMGYVVEVIRGANNQRIRDYGHDKLKVYGMGRDKSHEHWVSVIRQLIHLGLVTQNIAQHSALQLTEAARPVLRGESSLQLAVPRIVALKPKAMQKSFGGNYDRKLFAKLRKLRKSIADESNVPPYVVFNDATLIEMAEQMPITASEMLSVNGVGMRKLERFGKPFMALIRAHVDGDDEE,611,3,4,6.06
A0A211B152,A0A211B152_ECOLX,MSSNKELMQRRSQAIPRGVGQIHPIFADRAENCRVWDVEGREYLDFAGGIAVLNTGHLHPKVVDAVEAQLKKLSHTCFQVLAYEPYLELCEIMNQKVPGDFAKKTLLVTTGSEAVENAVKIARAATKRSGTIAFSGAYHGRTHYTLALTGKVNPYSAGMGLMPGHVYRALYPCPLHGISEDDAIASIHRIFKNDAAPEDIAAIVIEPVQGEGGFYAATPAFMQRLRALCDEHGIMLIADEVQSGAGRTGTLFAMEQMGVAPDLTTFAKSIAGGFPLAGVTGRAEVMDAVAPGGLGGTYAGNPIACVAALEVLKVFEQENLLQKANDLGQKLKDGLLAIAEKHTEIGDVRGLGAMIAIELFEDGDHSKPDAKLTAEIVARARDKGLILLSCGPYYNVLRILVPLTIEDAQIRQGLEIISQCFAEAKQ,426,0,4,6.0
A0A0S3NE35,A0A0S3NE35_9ESCH,MELYLDTANVAEVERLARIFPIAGVTTNPSIIAASKESIWEVLPRLQKAIGDEGILFAQTMSRDAQGMVEEAKRLRDAIPGIVVKIPVTSEGLAAIKMLKKEGITTLGTAVYSAAQGLLAALAGAKYVAPYVNRVDAQGGDGIRTVQELQALLEMHAPESMVLAASFKTPRQALDCLLAGCESITLPLDVAQQMLTPPAVESAIEKFEHDWNAAFGTTHL,220,1,3,5.94
B7MEI2,B7MEI2_ECO45,MPLVNGRILLDRIQEKRVLAGAFNTTNLETTISILNAIERSGLPNFIQIAPTNAQLSGYDYIYEIVKRHADKMDVPVSLHLDHGKTQEDVKQAVRAGFTSVMIDGAAFSFEENIAFTQEAVDFCKSYGVPVEAELGAILGKEDDHVSEADCKTEPEKVKTFVERTGCDMLAVSIGNVHGLDDIPRIDIPLLKRIAEVSPVPLVIHGGSGIAPEILRSFVNYRVAKVNIASDLRKAFITAVGKAYVNNHNEANLARVMASAKNAVEEDVYSKILMMNEGHRLGK,283,1,3,5.99
A0A085NZ47,A0A085NZ47_ECOLX,MTAKTAPKVTLWEFFQQLGKTFMLPVALLSFCGIMLGIGSSLSSHDVITLIPVLGNPVLQAIFTWMSKIGSFAFSFLPVMFCIAIPLGLARENKGVAAFAGFVGYAVMNLAVNFWLTNKGILPTTDAAVLKANNIQSILGIQSIDTGILGAVIAGIIVWMLHERFHNIRLPDALAFFGGTRFVPIISSLVMGIVGLVIPLVWPIFAMGISGLGHMINSAGDFGPMLFGTGERLLLPFGLHHILVALIRFTDAGGTQEVCGQTVSGALTIFQAQLSCPTTHGFSESATRFLSQGKMPAFLGGLPGAALAMYHCARPENRHKIKGLLISGLIACVVGGTTEPLEFLFLFVAPVLYVIHALLTGLGFTVMSVLGVTIGNTDGNIIDFVVFGILHGLSTKWYMVPVVAAIWFVVYYVIFRFAITRFNLKTPGRDSEVASSIEKAVAGAPGKSGYNVPAILEALGGADNIVSLDNCITRLRLSVKDMSLVNVQALKDNRAIGVVQLNQHNLQVVIGPQVQSVKDEMAGLMHTVQA,530,10,4,6.0
A0A074I364,A0A074I364_ECOLX,MGKFAGVLMENKNKSLNKGAKNRMLIPGFVSEVAFDLLIELSSVHSIKIINALHDYLVLGDDRKIACERYGANSSYFSIALGRLFRTNQIVSQLASYYGEQERFF,105,0,4,6.11
I2XEM0,I2XEM0_ECOLX,MSTTIEKIQRQIAENPILLYMKGSPKLPSCGFSAQAVQALAACGERFAYVDILQNPDIRAELPKYANWPTFPQLWVDGELVGGCDIVIEMYQRGELQQLIKETAAKYKSEEPDAE,115,6,3,5.87
A0A0H3MXN6,A0A0H3MXN6_ECO7I,MRIGMRLLLGYFLLVAVAAWFVLAIFVKEVKPGVRRATEGTLIDTATLLAELARPDLLSGDPTHGQLAQAFNQLQHRPFRANIGGINKVRNEYHVYMTDAQGKVLFDSANKAVGQDYSRWNDVWLTLRGQYGARSTLQNPADPESSVMYVAAPIMDGSRLIGVLSVGKPNAAMAPVIKRSERRILWASAILLGIALVIGAGMVWWINRSIARLTRYADSVTDNKPVPLPDLGSSELRKLAQALESMRVKLEGKNYIEQYVYALTHELKSPLAAIRGAAEILREGPPPEVVARFTDNILTQNARMQALVETLLRQARLENRQEVVLTAVDVAALFRRVSEARTVQLAEKNITLHVMPTEINVAAEPALLEQALGNLLDNAIDFTPESGCITLSAEVDQEHVTLKVLDTGSGIPDYALSRIFERFYSLPRANGQKSSGLGLAFVSEVARLFNGEVTLRNVQEGGVLASLRLHRHFT,474,3,4,6.11
V0X6M3,V0X6M3_ECOLX,MKKVFAKSLLVAAMFSVAGSALAVQKDITVTANVDAALDMTQTDNTALPKAVEMQYLPGQGLQSYQLMTKIWSNDTTKDVKMQLVSPAQLVQSLDASKIVPLTVTWGGEEIKADAATTFTATKIFASDALTNGSLAKPLMFSQATKGVLETGIYRGVVSIYLSQAL,166,2,4,5.93
H4L9X0,H4L9X0_ECOLX,MSTWQVGVVSSSYFTGNLVGTLLTGYVIKRIGFNRSYYLASFIFAAGCAGLGLMIGFWSWLAWRFVAGVGCAMIWVVVESALMCSGTSRNRGRLLAAYMMVYYVGTFLGQLLVSKVSTELMSVLPWVTGLTLAGILPLLFTRVLNQQAENHDSTSITSMLKLRQARLGVNGCIISGIVLGSLYGLMPLYLNHKGVSNASIGFWMAVLVSAGILGQWPIGRLADKFGRLLVLRVQVFVVILGSIAMLSQAAMAPALFILGAAGFTLYPVAMAWACEKVEHHQLVAMNQALLLSYTVGSLLGPSFTAMLMQNFSDNLLFIMIASVSFIYLLMLLRNAGHTPKPVAHV,345,12,4,6.06
A7ZKP2,A7ZKP2_ECO24,METVFDALKAMGKATSIELAARLDISREEVLNELWELKKAGFVDKSAYTWRVADNNVQQEQPAQAELPEETSTATVAKISECDLTATIEQHGPQTADELATLFGTTSRKVASTLAMAISKGRLIRANQDGKFRYCMPGDNLPAEPKAASVAETDGKAFPQPACVALPVQEAATQEDIKTETVADIVQSLPSFTETRADDLVLPSLHMANRELRRAKSHAQKWERVCAALRELNKHRDIVRHIFDSSSHIVSEK,253,0,4,5.99
A0A074J995,A0A074J995_ECOLX,MSRSQNLRHNVINQVIEDMARGNIPSPLPSQSGLAEMYNISRTTVRHILQHLSACGVLTLVGKNYVIARKPEQNDGFDCITASLKEQNRLFEQAFFTMINLRQLRAGESFSELQLARAAGVSPVVVREYLLKFGRYNLIQSEKRGQWSMKQFDQSYAEQLFELREMLETHSLQHFLNLPDDDPRWLQAKTMLERHRTLRDSIGSNFRMFSQLDRDFHAMLLSAADNIFFNQSLEIISVIFHFHYQWDESDLKQRNIIAVDEHMTILSALICRSDLDAITALRNHLDTAKQSMIRSIRQHHR,301,1,4,6.09
T5V3H6,T5V3H6_ECOLX,MDQVVVFQKMFEQVRKEQNFSWFYSELKHYRIAHYIYYLATDNIRIITHDDTVLLLRGTRNLLKVSTTKNPAKIKEAALLHICGKSTFREYCSTLADAGVFRWVTDVNHNKRSYYAIDNTLLYIEDVENNKPLI,134,0,4,6.12
H4IBV3,H4IBV3_ECOLX,MCGIFSKEVLSKHVDVEYRFSAEPYIGASCSNVSVLSMLCLRAKKTI,47,0,4,6.12
A0A0G3KDW1,A0A0G3KDW1_ECOLX,MNAIPYFDYSLAPFWPSYQNKVIGVLERALREQSGSRIRRILLRLPWEHDNAFSSRQTWFGMDFIETVSALMNAKPGRDLCWLLTRHPEKPEYHVVLCVRQEYFDGPELDRLILDAWSNVLGFASPGEAKPYQKQITRDVVLDRRSPDCEALFKDLIRAFSDFARDRRGVCDPEARCLAGNPWYPVAGQL,190,0,4,6.1
H4IWK9,H4IWK9_ECOLX,MQVKTQSCVVAGKKTVAVTEQTIDWNNNGTLVQITRGGICGSDLHYYQEGKVGNFMIKAPMVLGHEVIGKVIHSDSSELHEGQTVAINPSKPCGHCKYCIEHNENQCTDMRFFGSAMYFPHVDGGFTRYKMVETSQCVPYPAKADEKVMAFAEPLAVAIHAAHQAGELQGKRVFISGVGPIGCLIVSAVKTLGAAEIVCADVSPRSLSLGKEMGADVLVNPQNDDMDHWKAEKGYFDVSFEVSGHPSSVNTCLEVTRARGVMVQVGMGGAMAEFPMMTLIGKEISLRGSFRFTSEFNTAVSWLANGVINPLPLLSAEYPFTDLEEALRFAGDKTQAAKVQLVF,343,2,4,5.94
K7QLR3,K7QLR3_9CAUD,MKVWIDDMRNPADYGQEDAIWFKTSQEAMAFLNDPAKLYRRVTEWSFDNDLGMESDQDGYDVFLYLEELLAFGKPCFGSPTIFVHTSNPAAGDKFMLAKESMLRYGIKMIRVHY,114,0,4,5.85
A0A1Z3ZCW9,A0A1Z3ZCW9_ECOLX,MSMVVVVTENVPPRLRGRLAIWLLEVRAGVYVGDTSKRIREMIWQQITQLAGCGNVVMAWATNTESGFEFQTWGKNRRIPVDLDGLRLVSFLPVDNQ,97,0,4,6.11
E9N490,E9N490_9CAUD,MASNVKYKRDAISLMRDGIKSQYKKDSQCAICGCAEELELHHYHTVSLLVKKFAKELQLDFTDEETVLSNRTAFYDRYRHELVEDTVTLCVHHHQLLHKVYTKEPPLFSANKQKVWVQKQKDKLQNPQEKTQVKTETKSGFARFL,145,0,4,6.2
A0A220KG07,A0A220KG07_ECOLX,MGNNLMQTDLSVWGMYQHADIVVKCVMIGLILASVVTWAIFFSKSVEFFNQKRRLKREQQLLAEARSLNQANDIAADFGSKSLSLYLLNEAQNELELSEGSDDNEGIKERTSFRLERRVAAVGRQMGRGNGYLATIGAISPFVGLFGTVWGIMNSFIGIAQTQTTNLAVVAPGIAEALLATAIGLVAAIPAVVIYNVFARQIGGFKAMLGDVAAQVLLLQSRDLDLEASAAAHPVRVAQKLRAG,244,0,4,6.02
A0A070DES4,A0A070DES4_ECOLX,MEFEERYFREELDYLRQLSKLLATEKPHLARFLAEKDADPDIERLLEGVAFLTGNLRQKIEDEFPELTHGLIKMLWPNYLRPVPAMTLIEYTPDMDKSSVPVLIPRNEQFTTNAGEIRVDEVLPSDAKKEEPPPCTFTLCRDIWLLPVRLEQIENRSTTRNGVINITFSVAPGTDFRTLDLNKLRFWLGNDDNYTRDQLYLWFCEYLQGADLTVGEQHIRLPEFMLKAVGFEPQDAMLPWPKNVHSGYRILQEYFCYPDAFLFFDLCGCPALPDGLQAEFFTLQLRFSRPLPVDIRLRRDSLRLYCAPAINLFIHHAEAITLDNRRADYPLVPSRHYPQHYDVFSVNSVVSQVQDMFRKKDLGRPVSTQAARQWPAFESFSHQMEYSRKREVVYWHHRTKTSLFHRGFDHTLAFIHADGSYPSDESLLSNEVVSVSLTCTNRELPSQIRSGDITGTTGKNAAVASFRNITRPTQPLWPVIDGSLHWSLLSAMNLNYLSLLDTDALKQVIANFDRHAIHHPQTARLSQQKLDAIERLETRPVDRLFTGIPVRGLASTLYLHPEPFVCEGEMYLLGTVLSHFLSLYASVNSFHMLTVVNTESQETWKWTERIGQHPLI,616,0,4,6.01
E9YZI8,E9YZI8_ECOLX,MKPSIVAKLEALHERHEEVQALLGEAQTIADQERFRALSREYAQLSDVSRCFTDWQQVQEDIETAQMMLDDPEMREMAQDELREAKEKSEQLEQQLQVLLLPKDPDDERNAFLEVRAGTGGDEAALFAGDLFRMYSRYAEARRWRVEIMSASEGEHGGYKEIIAKISGDGVYGRLKFESGGHRVQRVPATESQGRIHTSA,200,2,4,5.94
Q6RI79,Q6RI79_9LABR,MRSLVFVLLIGAAFAIDDDKIVGGYECTPHSQPHTVSLQSGYHFCGGSLVNEDWVVSAAHCYKSRIQVRLGEHHIRVNEGTEQIISSSRVIRHPRYSSYNIDNDIMLIKLSQSATLNQYVKTVALPTSCAPAGTMCKVAGWGNTMSSSADGDKLQCLNIPILSERDCDNSYPGMITDAMFCAGYLEGGKDSCQGDSGGPVVCNGQLQGVVSWGYGCAERDHPGVYAKVCLFNDWLESTMASN,242,1,2,5.87
A0A140N622,A0A140N622_ECOBD,MANIEIRQETPTAFYIKVHDTDNVAIIVNDNGLKAGTRFPDGLELIEHIPQGHKVALLDIPANGEIIRYGEVIGYAVRAIPRGSWIDESMVVLPEAPPLHTLPLATKVPEPLPPLEGYTFEGYRNADGSVGTKNLLGITTSVHCVAGVVDYVVKIIERDLLPKYPNVDGVVGLNHLYGCGVAINAPAAVVPIRTIHNISLNPNFGGEVMVIGLGCEKLQPERLLTGTDDVQAIPVESASIVSLQDEKHVGFQSMVEDILQVAERHLQKLNQRQRETCPASELVVGMQCGGSDAFSGVTANPAVGYASDLLVRCGATVMFSEVTEVRDAIHLLTPRAVNEEVGKRLLEEMEWYDNYLNMGKTDRSANPSPGNKKGGLANVVEKALGSIAKSGKSAIVEVLSPGQRPTKRGLIYAATPASDFVCGTQQVASGITVQVFTTGRGTPYGLMAVPVIKMATRTELANRWFDLMDINAGTIATGEETIEEVGWKLFHFILDVASGKKKTFSDQWGLHNQLAVFNPAPVT,523,1,3,5.95
U9Y3E8,U9Y3E8_ECOLX,MIRKSATGVIVALAVIWGGGTWYTGTQIQPGVEKFIKDFNDAKKKGEHAYDMTLSYQNFDKGFFNSRFQMQMTFDNGAPDLNIKPGQKVVFDVDVEHGPLPITMLMHGNAIPALAAAKVNLVNNELTQPLFIAAKNKSPVEATLRFAFGGSFSTTLDVAPAEYGKFSFGEGQFTFNGDGSSLSNLDIEGKVEDIVLQLSPMNKVTAKSFTIDSLARLEEKKFPVGESESKFNQINIINHGEDVAQIDAFVAKTMLDRVKDKDYINVNLTYELDKLTKGNQQLGSGEWSLIAESIDPSAVRQFIIQYNIAMQKQLAAHPELANDEVALQEVNAALFKEYLPLLQKSEPTIKQPVKWKNALGELNANLDISIADPAKSSSSTNKDIKSLNFDVKLPLNVATETAKQLNLSEGMDAEKAQKRADKQISGMMTLGQMFQLITIDNNTASLQLRYTPGKVVFNGQEMSEEEFMSRAGRFVH,476,0,4,5.92
V0VEB9,V0VEB9_ECOLX,MEITTLQIVLVFIVACIAGMGSILDEFQFHRPLIACTLVGIVLGDMKTGIIIGGTLEMIALGWMNIGAAVAPDAALASIISTILVIAGHQSIGAGIALAIPLAAAGQVLTIIVRTITVAFQHAADKAADNGNLTAISWIHVSSLFLQAMRVAIPAVIVALSVGTSEVQNMLNAIPEVVTNGLNIAGGMIVVVGYAMVINMMRAGYLMPFFYLGFVTAAFTNFNLVALGVIGTVMAVLYIQLSPKYNRVAGAPAQAAGNNDLDNELD,266,7,4,5.87
D6HYZ4,D6HYZ4_ECOLX,MVWRRSRKMRFDTVIMGGGLAGLLCGLQLQKHGLRCAIVTRGQSALHFSSGSLDLLSHLPDGQPVTDIHSGLESLRQQAPAHPYSLLEPQRVLDLACQAQALIAESGAQLQGSVELAHQRVTPLGTLRATWLSSPEVPVWPLPAKKICVVGISGLMDFQAHLAAASLRELDLSVETAEIELPELDVLRNNATEFRAVNIARFLDNEENWPLLLDALIPVANTCEMILMPACFGLADNKLWRWLNEKLPCSLMLLPTLPPSVLGIRLQNQLQRQFVRQGGVWMPGDEVKKVTCKNGVVNEIWTRNHADIPLRPRFAVLASGSFFSGGLVAERNGIREPILGLDVLQTATRGEWYKGDFFAPQPWQQFGVTTDETLRPSQAGQTIENLFAIGSVLGGFDPIAQGCGGGVCAVSALHAAQQIAQRAGGQQ,427,1,3,6.02
A0A0K3I6N5,A0A0K3I6N5_ECOLX,MKLTPVIAALRARCLYFENRVAGAAQFKNLPEVGKLRLPAAYVVPGDDSPGENKSQTDYWQELKEGFSVVVILSNGRDERGQFASYDVVDDVRQMLFKALLGWNPEACGNPITYDGGTLLDLNRHELIYQFDFSVISELTEDDTRQQDDLNSLDELRTLAIDVDYLDPGNGPDGDIEHHTEITLPS,186,0,4,5.74
H1ZXQ8,H1ZXQ8_ECOLX,MIVIMVNQKVIPVCKLNRTKRHNTCNNTCNIFSWQDKQEQ,40,0,4,6.24
A0A1M0DVU8,A0A1M0DVU8_ECOLX,MKKNTPLTLEDYISKTVLLCSLTESEHRLDAYMREHFNELPFHGIIDIARNAMVSKATVGRFLNKLGFIGYADFRRALENTLTLQKMVPPFELASRIQVKEKITTEQIVSEFNKNVTTLFENFKDNINIDSLDKFIDIILNTNRHIYVIGPASSYAMAKHFTTLIKYFRDRVTLLSMDVGELPKSLLTVTDQDVLIVFSYYRFNRVVIRVTEWCCKKGATVVLITNSESNPYGKFCNLQFVLPSDTQSVFKSRIVGFFFIELVLHLAYEKGEGEGNFEQLEELFVFFETFSPLPG,295,3,4,5.98
A0A074I7U5,A0A074I7U5_ECOLX,MTLEWWFAYLLTSIILSLSPGSGAINTMTTSLNHGYRGAVASIAGLQTGLAIHIVLVGVGLGTLFSRSVIAFEVLKWAGAAYLIWLGIQQWRAAGAIDLKSLASTQSRRHLFQRAVFVNLTNPKSIVFLAALFPQFIMPQQPQLMQYIVLGVTTIVVDIIVMIGYATLAQRIALWIKGPKQMKALNKIFGSLFMLVGALLASARHA,206,4,4,6.15
T6HZA0,T6HZA0_ECOLX,MLTVCLSLGVAMTTNAHFRGEELKKVWLNRYPADVPTEINPDRYQSLVDMFEQSVARYADQPAFVNMGEVMTFRKLEERSRAFAAYLQQGLGLKKGDRVALMMPNLLQYPVALFGILRAGMIVVNVNPLYTPRELEHQLNDSGASAIVIVSNFAHTLEKVVDKTAVQHVILTRMGDQLSTAKGTVVNFVVKYIKRLVPKYHLPDAISFRSALHNGYRMQYVKPELVPEDLAFLQYTGGTTGVAKGAMLTHRNMLANLEQVNATYGPLLHPGKELVVTALPLYHIFALTINCLLFIELGGQNLLITNPRDIPGLVKELAKYPFTAITGVNTLFNALLNNKEFQQLDFSSLHLSAGGGMPVQQVVAERWVKLTGQYLLEGYGLTECAPLVSVNPYDIDYHSGSIGLPVPSTEAKLVDDDDNEVPPGQPGELCVKGPQVMLGYWQRPDATDEIIKNGWLHTGDIAVMDEEGFLRIVDRKKDMILVSGFNVYPNEIEDVVMQHPGVQEVAAVGVPSGSSGEAVKIFVVKKDPSLTEESLVTFCRRQLTGYKVPKLVEFRDELPKSNVGKILRRELRDEARGKVDNKA,583,2,4,6.01
A0A0F6F4X9,A0A0F6F4X9_ECO57,MRDIYHQTIDRAFLALSHSENMMEILRIWLETLGDNERDKQKSRIATALITLLEPVIMELQEIDLLHDRYKEQHTGE,77,0,4,5.92
A0A069XGW5,A0A069XGW5_ECOLX,MKSLRLMLCAMPLMLTGCSTMSSVNWSAANPWNWFGSSTKVSEQGVGELTASTPLQEQAIADALDGDYRLRSGMKTANGNVVRFFEVMKGDNVAMVINGDQGTISRIDVLDSDIPADTGVKIGTPFSDLYSKAFGNCQKADGDDNRAVECKAEGSQHISYQFSGEWRGPEGLMPSDDTLKNWKVSKIIWRR,191,2,4,5.92
A0A1M1B6Y7,A0A1M1B6Y7_ECOLX,MNDKISQDTINKALWAACDTFRGTISADTYKDFILTMLFLKYISDVWQDHYDEYKKQYGDAPELIEAMMANERFVLPKSASFYALYERRHEPGNGERIDQALHAIEEANGTKLKDAGKSVFQDISFNTDRLGEEKQKNTILRQLLEDFAGQDLNLKPSRVGTLDVIGNAYEYLIKNFAASGGQKAGEFYTPPEVSDLIAELLDPQPGDTICDPACGSGSLLMKCGRKIVSGHDSRNYALFGQEAIGSTWSLAKMNMFLHGEDNHKIEWGDTIRNPKLLDKNGDLMLFDIVTANPPFSLDKWGHDEAENDKFGRFRRGVPPKTKGDYAFISHMIETLKPGTGRMGVVVPHGVLFRGSSEGKIRQKLIDENLLDAVIGLPEKLFYGTGIPAAILIFKKQKVDDKVLFIDASREYKAGKNQNQLSAENIQKIVNTYREGDNVEKYAYLASLKEIQDNDYNLNIPRYVDTFEEEDEIDLLAVRAEREQLKVELAKLEVEMAGYLKELGYGA,507,1,4,5.93
A0A125X476,A0A125X476_ECOLX,MTVFEQQLEHDVGEAARACLLSGVPIYYAEKNTPEGCVIKEYPDGRKKLVSFMTGTEKVVKIKV,64,0,4,6.06
A0A1X3L5E3,A0A1X3L5E3_ECOLX,MKLQQLRYIVEVVNHNLNVSSTAEGLYTSQPGISKQVRMLEDELGIQIFSRSGKHLTQVTPAGQEIIRIAREVLSKVDAIKSVAGEHTWPDKGSLYIATTHTQARYALPNVIKGFIERYPRVSLHMHQGSPTQIADAVSKGNADFAIATEALHLYEDLVMLPCYHWNRAIVVTPDHPLAGKKAITIEELAQYPLVTYTFGFTGRSELDTAFNRAGLTPRIVFTATDADVIKTYVRLGLGVGVIASMAVDPVADPDLVRVDAHDIFSHSTTKIGFRRSTFLRSYMYDFIQRFAPHLTRDVVDAAVALRSNEEIEVMFKDIKLPEK,324,2,4,6.07
A0A1X3KFP3,A0A1X3KFP3_ECOLX,MAENQSTVENAKEKLDRWLKDGITTPGGKLPSERELGELLGIKRMTLRQALLNLEAESKIFRKDRKGWFVTQPRFNYSPELSASFQRAAIEQGREPSWGFTEKNRTSDIPETLAPLIAVTPSTELYRITGWGALEGHKVFYHETYINPEVAPGFIEQLENHSFSAVWEKSYQKETVVKKLIFKPVRMPGDISKYLGGSAGMPAILIEKHRADQQGNIVQIDIEYWRFEAVDLIINL,236,2,4,6.08
A0A1Z3V5M8,A0A1Z3V5M8_ECOLX,MATLLQLHFAFNGPFGDAMAEQLKPLAESINQEPGFLWKVWTESEKNHEAGGIYLFTDEKSALAYLEKHTAQLKKLGVEEVVAKVFDVNEPLSQINQAKLA,101,0,4,5.86
A0A0A8UL05,A0A0A8UL05_ECOLX,MEWSLTQNKLLAFHRLMRTDKPIGALLLLWPTLWALWVATPGVPQLWILAVFVAGVWLMRAAGCVVNDYADRKFDGHVKRTANRPLPSGAVTEKEARALFVVLVLISFLLVLTLNTMTILLSIAALALAWVYPFMKRYTHLPQVVLGAAFGWSIPMAFAAVSESVPLSCWLMFLANILWAVAYDTQYAMVDRDDDVKIGIKSTAILFGQYDKLIIGILQIGVLALMAIIGELNGLGWGYYWSIVVAGALFVYQQKLIANREREACFKAFMNNNYVGLVLFLGLAMSYWHF,290,7,3,6.04
C3T6E5,C3T6E5_ECOLX,MSPYAYRVARMQKAQRIIKTYRRNRMIVCTICALVTLASTLSVRFISQRNLNQQRVVQFANHAVEELDKVLLPLQAGSEVLLPLIGLPCSVAHLPLRKQAAKLQTVRSIGLVQDGTLYCSSIFGYRNVPVVDILAELPAPQPLLRLTTDRVLIKGSPVLIQWTPAASSSNAGVMEMINIDLLTAMLLEPQLPQISSASLTVDKRHLLYGNGLVDSLPQPEDNENYQVSSQRFPFTINVNGPGATALAWHYLPTQLPLAVLLSLLVGYIAWLATAYRMSFSREINLGLAQHEFELFCQPLLNARSQQCIGVEILLRWNNPRQGWISPDVFIPIAEEHHLIVPLTRYVMAETIRQRHVFPMSSQFHVGINVAPSHFRRGVLIKDLNQYWFSAHPIQQLILEITERDALLDVDYRIARELHRKNVKLAIDDFGTGNSSFSWLETLRPDVLKIDKSFTAAIGSDAVNSTVTDIIIALGQRLNIELVAEGVETQEQAKYLRRHGVHILQGYLYAQPMPLRDFPKWLAGSQPPPARHNGHITPIMPLR,542,1,4,6.11
H4J0G9,H4J0G9_ECOLX,MRKITQALSAVCLLFALNSSAVALASSPSPLNPGTNVAKLAEQAPIHWVSVAQIENSLAGRPPMAVGFDIDDTVLFSSPGFWRGKKTFSPESEDYLKNPVFWEKMNNGWDEFSIPKEVARQLIDMHVRRGDAIFFVTGRSPTKTETVSKTLADNFHIPATNMNPVIFAGDKPGQNTKSQWLQDKNIRIFYGDSDNDITAARDVGARGIRILRASNSTYKPLPQAGAFGEEVIVNSEY,237,9,3,6.01
A0A026V349,A0A026V349_ECOLX,MQNSALKAWLDSSYLSGANQSWIEQLYEDFLTDPDSVDANWRSTFQQLPGTGVKPDQFHSQTREYFRRLAKDASRYSSTISDPDTNVKQVKVLQLINAYRFRGHQHANLDPLGLWQQDKVADLDPSFHDLTEADFQETFNVGSFASGKETMKLGELLEALKQTYCGPIGAEYMHITSTEEKRWIQQRIESGRATFNSEEKKRFLSELTAAEGLERYLGAKFPGAKRFSLEGGDALIPMLKEMIRHAGNSGTREVVLGMAHRGRLNVLVNVLGKKPQDLFDEFAGKHKEHLGTGDVKYHMGFSSDFQTDGGLVHLALAFNPSHLEIVSPVVIGSVRARLDRLDEPSSNKVLPITIHGDAAVTGQGVVQETLNMSKARGYEVGGTVRIVINNQVGFTTSNPLDARSTPYCTDIGKMVQAPIFHVNADDPEAVAFVTRLALDFRNTFKRDVFIDLVCYRRHGHNEADEPSATQPLMYQKIKKHPTPRKIYADKLEQEKVATLEDATEMVNLYRDALDAGDCVVAEWRPMNMHSFTWSPYLNHEWDEEYPNKVEMKRLQELAKRISTVPEAVEMQSRVAKIYGDRQAMAAGEKLFDWGGAENLAYATLVDEGIPVRLSGEDSGRGTFFHRHAVIHNQSNGSTYTPLQHIHNGQGAFRVWDSVLSEEAVLAFEYGYATAEPRTLTIWEAQFGDFANGAQVVIDQFISSGEQKWGRMCGLVMLLPHGYEGQGPEHSSARLERYLQLCAEQNMQVCVPSTPAQVYHMLRRQALRGMRRPLVVMSPKSLLRHPLAVSSLEELANGTFLPAIGEIDELDPKGVKRVVMCSGKVYYDLLEQRRKNNQHDVAIVRIEQLYPFPHKAMQEVLQQFAHVKDFVWCQEEPLNQGAWYCSQHHFREVIPFGASLRYAGRPASASPAVGYMSVHQKQQQDLVNDALNVE,933,1,4,6.01
A0A0S3N272,A0A0S3N272_9ESCH,MQNAGSLVVLGSINADHILNLQSFPTPGETVTGRHYQVAFGGKGANQAVAAGRSGANIAFIACTGDDSIGESVRQQLATDNIDISPISVIKGESTGVALIFVNGEGENVIGIHAGANAALSPTLVEAQRERIANASALLMQLESPLESVMAAAKIAHQNKTIVALNPAPARELPDELLTLVDIITPNETEAEKLTGIRVENDEDAAKAAQVLHDKGIHTVLITLGSRGVWASVNGEGQRVPGFRVQAVDTIAAGDTFNGALITALLEGKTLAEAIRFAHAAAAIAVTRTGAQPSVPWREEIDAFLDRQR,309,16,3,5.92
I2S4X5,I2S4X5_ECOLX,MSQDNNFSQGPVPQSARKGVLALTFVMLGLTFFSASMWTGGTLGTGLSYHDFFLAVLIGNLLLGIYTSFLGYIGAKTGLTTHLLARFSFGVKGSWLPSLLLGGTQVGWFGVGVAMFAIPVGKATGLDINLLIAVSGLLMTVTVFFGISALTVLSVIAVPAIACLGGYSVWLAVNGMGGLDALKAVVPAQPLDFNVALALVVGSFISAGTLTADFVRFGRNAKLAVLVAMVAFFLGNSLMFIFGAAGAAALGMADISDVMIAQGLLLPAIVVLGLNIWTTNDNALYASGLGFANITGMSSKTLSVINGIIGTVCALWLYNNFVGWLTFLSAAIPPVGGVIIADYLMNRRRYEHFATTRMMSVNWVAILAVALGIAAGHWLPGIVPVNAVLGGALSYLILNPILNRKTTAAMTHVEVNSVE,419,12,4,5.95
V0SQF3,V0SQF3_ECOLX,MQKEQLSALMDGETLDSELLNELAHNPEMQKTWESYHLIRDSMRGDTPEVLHFDISSRVMAAIEEEPVRQPATLIPEAQPAPHQWQKMPFWQKVRPWAAQLTQMGVAACVSLAVIVGVQHYNGQSETSQQPETPVFNTLPMMGKASPVSLGVPSEATANNGQQQQVQEQRRRINAMLQDYELQRRLHSEQLQFEQAQTQQAAVQVPGIQTLGTQSQ,216,3,3,5.89
N3EVM5,N3EVM5_ECOLX,MLNQKIQNPNPDELMIEVDLCYELDPYELKLDEMIEAEPEPEMIEGLPASDALTPADRYLELFEHVQSAKIFPDSKTFPDCAPKMDPLDILIRYRKVRRHRDFDLRKFVENHFWLPEVYSSEYVSDPQNSLKEHIDQLWPVLTREPQDHIPWSSLLALPQSYIVPGGRFSETYYWDSYFTMLGLAESGREDLLKCMADNFAWMIENYGHIPNGNRTYYLSRSQPPVFALMVELFEEDGVRGARRYLDHLKMEYAFWMDGAESLIPNQAYRHVVRMPDGSLLNRYWDDRDTPRDESWLEDVETAKHSGRPPNEVYRDLRAGAASGWDYSSRWLRDTGRLASIRTTQFIPIDLNAFLFKLESAIANISALKGEKETEALFRQKASARRDAVNRYLWDDENGIYRDYDWRREQLALFSAAAIVPLYVGMANHEQADRLANAVRSRLLTPGGILASEYETGEQWDKPNGWAPLQWMAIQGFKMYGDDLLGDEIARSWLKTVNQFYLEQHKMIEKYHIADGVPREGGGGEYPLQDGFGWTNGVVRRLIGLYGEP,549,9,3,5.93
V8KTX3,V8KTX3_ECOLX,MQCALYDAGRCRSCQWITQPIPEQLSAKTADLKNLLADFPVEEWCAPVSGPEQGFRNKAKMVVSGSVEKPLLGMLHRDGTPEDLCDCPLYPASFAPVFAALKPFIARAGLTPYNVARKRGELKYILLTESQSDGGMMLRFVLRSDTKLAQLRKALPWLQEQLPQLKVITVNIQPVHMAIMEGETEIYLTEQQALAERFNDVPLWIRPQSFFQTNPAVASQLYATARDWVRQLPVKHMWDLFCGVGGFGLHCATPDMQLTGIEIAPEAIACAKQSAAELGLTRLQFQALDSTQFATAQGEVPELVLVNPPRRGIGKPLCDYLSTMAPRFIIYSSCNAQTMAKDIRELPGYRIERVQLFDMFPHTAHYEVLTLLAKQ,375,10,3,6.02
A0A0E1T2N8,A0A0E1T2N8_ECOLX,MSAQVSLELHHRISQFLFHEASLLDDWKFRDWLAQLDEEIRYTMRTTVNAQTRDRRKGVQPPTTWIFNDTKDQLERRIARLETGMAWAEEPPSRTRHLISNCQVSETDIPNVFAVRVNYLLYRAQKERDETFYVGTRFDKVRRLEDDNWRLLERDIVLDQAVITSHNLSVLF,172,0,3,6.1
L3CDZ3,L3CDZ3_ECOLX,MSNKPFHYQAPFPLKKDDTEYYLLTSEHVSVSEFEGQEILKVAPEALTLLARQAFHDASFMLRPAHQQQVADILRDPEASENDKYVALQFLRNSDIAAKGVLPTCQDTGTAIIVGKKGQRVWTGGGDEAALARGVYNTYIEDNLRYSQNAPLDMYKEVNTGTNLPAQIDLYAVDGDEYKFLCIAKGGGSANKTYLYQETKALLTPGKLKNYLVEKMCTLGTAACPPYHIAFVIGGTSAETNLKTVKLASAKYYDELPTEGNEHGQAFRDVELEKELLIEAQNLGLGAQFGGKYFAHDIRVIRLPRHGASCPVGMGVSCSADRNIKAKINRQGIWIEKLEHNPGKYIPEELRKAGEGEAVRVDLNRPMKEILAQLSQYPVSTRLSLNGTIIVGRDIAHAKLKERMDNGEGLPQYIKDHPIYYAGPAKTPEGYASGSLGPTTAGRMDSYVDQLQAQGGSMIMLAKGNRSQQVTDACKKHGGFYLGSIGGPAAVLAQGSIKSLECVEYPELGMEAIWKIEVEDFPAFILVDDKGNDFFQQIQLTQCTRCVK,548,2,3,6.0
V6G432,V6G432_ECOLX,MENQSWLKKLARRLGPGHVVNLCFIVVLLFSTLLTWREVVVLEDAYISSQRNHLENVANALDKHLQYNVDKLIFLRNGMREALVAPLDFTSLRDAVTEFEQHRDEHVWKIELNRRRTLSVNGVSDALVSEGNLLSRENESLDNEITAALEVGYLLRLAHNTSSMVEQAMYVSRAGFYVSTQPTLFTRNVPTRYYGYVTQPWFIGHSQRENRHRAVRWFTSQPEHASNTEPQVTVSVPVDSNNYWYGVLGMSIPVRTMQQFLRNAIDKNLDGEYQLYDSKLRFLTSSNPDHPTGNIFDPRELALLAQAMEHDTRGGIRMDSRYVSWERLDHFDGVLVRVHTLSEGVRGDFGSISIALTLLWALFTTMLLISWYVIRRMVSNMYVLQSSLQWQAWHDTLTRLYNRGALFEKARPLAKLYQTHQHPFSVIQVDLDHFKAINDRFGHQAGDRVLSHAAGLISSSLRAQDVAGRVGGEEFCVILPGASLTEAAEVAERIRLKLNEKEMLIAKSTTIRISASLGVSSSEETGDYDFEQLQSLADRRLYLAKQAGRNRVCASDNA,558,3,4,6.06
A0A0L1BWG4,A0A0L1BWG4_ECOLX,MAVDIKDVEQVAQELQQKFDDFKAKNDKRVDAIEQEKGKLAGQVETLNGKLSELENLKSDLEKELLELKRPAGGVQNKLATEHKEAFVDFLRKGREDGLRDLERKALQVGTDEDGGYAVPEELDRNILNLLKDEVVMRQEAMVITVGGSDYKKLVNLGGTASGWVGETDTRSQTAASKLGLIEPFMGEIYGNPQATQKMLDDAFFNVEAWINSELATEFAEQEEIAFTTGDGTKKPKGFLAYESTDETDKVRAFGKLQHIVSGEATAVTADAIIKLIYTLRKAHRTGAKFMMNNNSLFAIRLLKDTEGNYLWRPGLELGQPSSLAGYGIAENEQMPDIAADAKAIAFGNFKRGYTIVDRIGTRILRDPYTNKPFVGFYTTKRTGGMLVDSQAIKLLKIAAA,401,1,4,5.98
A0A244AAW9,A0A244AAW9_ECOLX,MNFFLSSRWSVRLALIIIALLALIALTSQWWLPYDPQAIDLPSRLLSPDAQHWLGTDHLGRDIFSRLMAATRVSLGSVMACLLLVLTLGLVIGGSAGLIGGRVDQATMRVADMFMTFPTSILSFFMVGVLGTGLTNVIIAIALSHWAWYARMVRSLVISLRQHEFVLASRLSGAGHVRVFVDHLAGAVIPSLLVLATLDIGHMMLHVAGMSFLGLGVTAPTAEWGVMINDARQYIWTQPLQMFWPGLALFISVMAFNLVGDALRDHLDPHLVTEHAH,277,0,4,6.03
B7LG17,B7LG17_ECO55,MRFSTQMMYQQNMRGITNSQAEWMKYGEQMSTGKRVVNPSDDPIAASQAVVLSQAQAQNSQYTLARTFATQKVSLEESVLSQVTTAIQNAQEKIVYASNGTLSDDDRASLATDIQGLRDQLLNLANTTDGNGRYIFAGYKTETAPFSEEKGKYVGGAESIKQQVDASRSMVIGHTGDKIFDSITSNAVAEPDGSASETNLFAMLDSAIAALKTPVADSEADKETAAAALDKTNRGLKNSLNNVLTVRAELGTQLNELESLDLLGSDRALGQTQQMSDLVDVDWNATISSYIMQQTALQASYKAFTDMQGLSLFQLNK,317,1,4,5.81
E1IJA2,E1IJA2_ECOLX,MAEFPASLLILNGKSTDNLPLREAIMLLREEGMTIHVRVTWEKGDAARYVEEARKLGVATVIAGGGDGTINEVSTALIQCEGDDIPALGILPLGTANDFATSVGIPEALDKALKLAIAGNAIAIDMAQVNKQTCFINMATGGFGTRITTETPEKLKAALGGVSYIIHGLMRMDTLQPDRCEIRGENFHWQGDALVIGIGNGRQAGGGQQLCPNALINDGLLQLRIFTGDEILPALVSTLKSDEDNPNIIEGASSWFDIQAPHEITFNLDGEPLSGQNFHIEILPAALRCRLPPDCPLLR,299,8,3,5.87
L2XAU9,L2XAU9_ECOLX,MNNDVFPNKFKAALAAKQVQIGCWSALSNPISTEVLGLAGFDWLVLDGEHAPNDISTFIPQLMALKGSASAPVVRVPTNEPVIIKRLLNIGFYNFLIPFVETKEEAEQAVASTRYPPEGIRGVSVSHRANMFGTVADYFAQSNKNITILVQIESQQGVDNVDAIAATEGVDGIFVGPSDLAAALGHLGNASHPDVQKAIQHIFNRASAHGKPSGILAPVEADARRYLEWGATFVAVGSDLGVFRSATQKLADTFKK,256,8,3,5.96
T5VBH9,T5VBH9_ECOLX,MTTPLKKIVIVGGGAGGLEMATQLGHKLGRKKKAKITLVDRNHSHLWKPLLHEVATGSLDEGVDALSYLAHARNHGFQFQLGSVIDIDREAKTITIAELRDEKGELLVPERKIAYDTLVMALGSTSNDFNTPGVKENCIFLDNPHQARRFHQEMLNLFLKYSANLGANGKVNIAIVGGGATGVELSAELHNAVKQLHSYGYKGLTNEALNVTLVEAGERILPALPPRISAAAHNELTKLGVRVLTQTMVTSADEGGLHTKDGEYIEADLMVWAAGIKAPDFLKDIGGLETNRINQLVVEPTLQTTRDPDIYAIGDCASCPRPEGGFVPPRAQAAHQMATCAMNNILAQMNGKPLKNYQYKDHGSLVSLSNFSTVGSLMGNLTRGSMMIEGRIARFVYISLYRMHQIALHGYFKTGLMMLVGSINRVIRPRLKLH,434,1,4,6.12
A0A1X3KQ59,A0A1X3KQ59_ECOLX,MSIPFTRWPEEFARRYREKGYWQDLPLTDILTRHAASDSIAVIDGERQLSYRELNQAADNLACSLRRQGIKPGETALVQLGNVAELYITFFALLKLGVAPVLALFSHQRSELNAYASQIEPALLIADRQHALFSGDDFLNTFVTEHSSIRVVQLLNDSGEHNLQDAFNHQAEDFTATPSPADEVAYFQLSGGTTGTPKLIPRTHNDYYYSVRRSVEICQFTQQTRYLCAIPAAHNYAMSSPGSLGVFLAGGTVVLAADPSAALCFPLIAKHQVNVTALVPPAVSLWLQALAEGENRAQLVSLKLLQVGGARLSATLAARIPAEIGCQLQQVFGMAEGLVNYTRLDDSAEKIIHTQGYPMCPDDEVWVADADGNPLPQGEVGRLMTRGPYTFRGYYKSPQHNASAFDANGFYCSGDLISIDPEGYITVQGREKDQINRGGEKIAAEEIENLLLRHPAVIYAALVSMEDELMGEKSCAYLVVKEPLRAVQVRRFLREQGIAEFKLPDRVECVDSLPLTAVGKVDKKQLRQWLASRASA,536,2,4,5.97
A0A0H2Z1S2,A0A0H2Z1S2_ECOK1,MKIRQAQTSATYILPDPGELNKRVLIRLRVDMPADNFGVEPQYLITFRTWAKVIQTSATTWQETAQTGDAITHYITIRYRRGITADYEVVCGDSVYRVKRQRDLNGARRFLLLECTELGECRQSHGGNNDDFLFAR,136,0,4,6.15
B7LR04,B7LR04_ESCF3,MTGQSSSQAATPIQWWKPALFFLVVIAGLWYVKWQPYYGKAFTAAETHSIGKSILAQADANPWQAAWDYAMVYFLAVWKAAVLGVILGSLIQVLIPRDWLLRTLGQSRFRGTLLGTLFSLPGMMCTCCAAPVAAGMRRQQVSMGGALAFWMGNPLLNPATLVFMGFVLGWGFAAIRLVAGLVMVLLIATLVQKWVRETPQTQAPVEIDMPEVQGGFFSRWGRALWTLFWSTIPVYILAVLALGAARVWLFPHADGAVDNSLMWVVAMAVAGCLFVIPTAAEIPIVQTMMLTGMGTAPALALLMTLPAVSLPSLIMLRKAFPAKALWLTGAMVAVSGVIVGSLALLF,346,9,4,6.05
A0A073FTA2,A0A073FTA2_ECOLX,MLLPWLILIPFIGGFLCWQTERFGVKVPRWIALITMGLTLALSLQLWLQGGYSLTQSAGIPQWQSEFDMPWIPRFGISIHLAIDGLSLLMVVLTGLLGVLAVLCSWKEIEKYQGFFHLNLMWILGGVIGVFLAIDMFLFFFFWEMMLVPMYFLIALWGHKASDGKTRITAATKFFIYTQASGLVMLIAILALVFVHYNATGVWTFNYEELLNTPMSSGVEYLLMLGFFIAFAVKMPVVPLHGWLPDAHSQAPTAGSVDLAGILLKTAAYGLLRFSLPLFPNASAEFAPIAMWLGVIGIFYGAWMAFAQTDIKRLIAYTSVSHMGFVLIAIYTGSQLAYQGAVIQMIAHGLSAAGLFILCGQLYERIHTRDMRMMGGLWSKMKWLPALSLFFAVATLGMPGTGNFVGEFMILFGSFQVVPVITVISTFGLVFASVYSLAMLHRAYFGKAKSQIASQELPGMSLRELFMILLLVVLLVLLGFYPQPILDTSHSAIGNIQQWFVNSVTTTRP,509,15,4,5.98
A0A0A3TT56,A0A0A3TT56_ECOLX,MTAESVVCALFWYCFVGWCTAELHRRSGFYSRYSGAGYWISWSVMFLCWPVALPLYVDYIGGAGKRSNDDD,71,1,4,5.9
A0A029IGN6,A0A029IGN6_ECOLX,MSVLRSLLTAGVLASGLLWSLNGITATPAAQASDDRYEVTQQRNPDAACLDCHKPDTEGMHGKHASVINPNNKLPVTCTNCHGQPSPQHREGVKDVMRFNEPMYKVGEQNSVCMSCHLPEQLQKAFWPHDVHVTKVACASCHSLHPQQDTMQTLSDKGRIKICVDCHSDQRTNPNFNPASVPLLKEQP,188,3,4,6.01
A0A234W7K8,A0A234W7K8_ECOLX,MPSRWIFALIIALLAPGAAAHNFVTGKTVTPVYIQEGGELLLNRDDEIHYQKWNSTQLVGKVRIIQYIAGRKSAKKKNSLLIKAVEAANFSQDRFQPTTIVNTDDAIFGTGYFVVGKIEKNKRRYPWAQFVIDGNGLGRVAWQLPEQSSTILVLNKAGRIQWAKDGSLTPEEVDHVIALAQKLINE,186,0,4,6.15
C5A0H6,GCSH_ECOBW,MSNVPAELKYSKEHEWLRKEADGTYTVGITEHAQELLGDMVFVDLPEVGATVSAGDDCAVAESVKAASDIYAPVSGEIVAVNDALSDSPELVNSEPYAGGWIFKIKASDESELESLLDATAYEALLEDE,129,3,3,5.49
A0A0E1LFY2,A0A0E1LFY2_ECOLX,MMPLLDKLREQYGVGPLCSELHIAPSTYYHCQQQRHHPDKRSARAQRDDWLKKEIQRVYDENHKVYGVRKVWRQLLREGIRVARCTVARLMAVMGLAGVLRGKKVRTTISRKAVVAGDRVNRQFVAERPDQLWVADSTYVSTWQGVVYVAFIIDVFAGYIVGWRVSSSMETTFVLDALEQALWARRPSGTVHHSDKGSQYVSLAYTQRLKEAGLLASTGSTGDSYDNAMAESINGLYKAEVIHRKSWKNRAEVELATLTWVDWYNNRRLLERLGHTPPAEAEKAYYASIGNDDLAA,296,1,4,6.23
A0A0H3EFM4,A0A0H3EFM4_ECO8N,MRLIVMSIMVTLLSGCGSIISRTIPGQGHGNQYYPGVQWDVRDSAWRYVTILDLPFSLVFDTLLLPIDIHHGPYE,75,0,4,5.94
E3PGX1,E3PGX1_ECOH1,MNDEMKGKSGKVKVMYVRSDDDSDKRTHNPRTGKGGGRPGKSRADGGRRPARDDKQSQPRDRKWEDSPWRTVSRAPGDETPEKADHGGISGKSFIDPEVLRRQRAEETRVYGENACQALFQSRPEAIVRAWFIQSVTPRFKEALRWMAANRKAYHVVDEAELTKASGTEHHGGVCFLIKKRNGTTVQQWVSQAGAQDCVLALENESNPHNLGGMMRSCAHFGVKGVVVQDAALLESGAAIRTAEGGAEHVQPITGDNIVNVLDDFRQAGYTVVTTSSEQGKPLFKTSLPAKMVLVLGQEYEGLPDAARDPNDLRVKIDGTGNVAGLNISVATGVLLGEWWRQNKA,345,1,3,6.16
P0A893,TUSA_SHIFL,MTDLFSSPDHTLDALGLRCPEPVMMVRKTVRNMQPGETLLIIADDPATTRDIPGFCTFMEHELVAKETDGLPYRYLIRKGG,81,2,3,5.97
A7ZIC7,A7ZIC7_ECO24,MNLRCESQNGNLKLNLLTITKMLSTPQTVVTEYARMLFFVNGAAMNLPVKIRRDWHYYAFAIGLIFILNGVVGLLGFEAKGWQTYAVGLVTWVISFWLAGLIIRRRDEETENAQ,114,2,4,6.08
A0A023Z5T5,A0A023Z5T5_ECOLX,MSAEHVLTMLNEHEVKFVDLRFTDTKGKEQHVTIPAHQVNAEFFEEGKMFDGSSIGGWKGINESDMVLMPDASTAVIDPFFADSTLIIRCDILEPGTLQGYDRDPRSIAKRAEDYLRSTGIADTVLFGPEPEFFLFDDIRFGSSISGSHVAIDDIEGAWNSSTQYEGGNKGHRPAVKGGYFPVPPVDSAQDIRSEMCLVMEQMGLVVEAHHHEVATAGQNEVATRFNTMTKKADEIQIYKYVVHNVAHRFGKTATFMPKPMFGDNGSGMHCHMSLSKNGVNLFAGDKYAGLSEQALYYIGGVIKHAKAINALANPTTNSYKRLVPGYEAPVMLAYSARNRSASIRIPVVSSPKARRIEVRFPDPAANPYLCFAALLMAGLDGIKNKIHPGEAMDKNLYDLPPEEAKEIPQVAGSLEEALNELDLDREFLKAGGVFTDEAIDAYIALRREEDDRVRMTPHPVEFELYYSV,469,2,3,5.94
V6FTK1,V6FTK1_ECOLX,MTVETQLNPTQPVNQQIYRILRRDIVHCLIAPGTPLSEKEVSVRFNVSRQPVREAFIKLAENGLIQIRPQRGSYVNKISMAQVRNGSFIRQAIECAVARRAASMITESQCYQLEQNLHQQRIAIERKQLDDFFELDDNFHQLLTQIADCQLAWDTIENLKATVDRVRYMSFDHVSPPEMLLRQHLDIFSALQKRDGDAVERAMTQHLQEISESVRQIRQENSDWFSEE,228,2,4,6.03
L3C456,L3C456_ECOLX,MRHLRNIFNLGIKELRSLLGDKAMLTLIVFSFTVSVYSSATVTPGSLNLAPIAIADMDQSQLSNRIVNSFYRPWFLPPEMITADEMDAGLDAGRYTFAINIPPNFQRDVLAGRQPDIQVNVDATRMSQAFTGNGYIQNIINGEVNSFVARYRDNSEPLVSLETRMRFNPNLDPAWFGGVMAIINNITMLAIVLTGSALIREREHGTVEHLLVMPITPFEIMMAKVWSMGLVVLVVSGLSLVLMVKGVLGVPIEGSIPLFMLGVALSLFATTSIGIFMGTIARSMPQLGLLVILVLLPLQMLSGGSTPRESMPQMVQDIMLTMPTTHFVSLAQAILYRGAGFEIVWPQFLTLMAIGGAFFTIALLRFRKTIGTMA,374,5,4,5.99
R8X2X6,R8X2X6_9ENTR,MRIGMRLLLGYFLIVAVAAWFVLSIFVQEIKPGVRRATEGTLIDTATLLAALARDDLLSDSPANGKLAQAFSQLHNRPFSANISGINKVRNEYHVYMTDAQGKVLFDSANQAVGQDYSRWNDVWLTLRGQYGARSTPQNPNDPESSVMYVAAPIVDGGRIIGVLSVGKPNAAMAPVIKRSERRMLWASAVLLGIALVIGIGMVWWINRSIARLARYADSVTENRPVPLPDLGSSELRKLAQALESMRLKLEGKNYIEQYVYALTHELKSPLAAIRGAAEILREGPPPNVVARFTDNILTQNARMQALVETLLRQARLENRQDITLTPVAVDALFAQLKEARSVQLAAKNITLTIMLSSLSVAADPALLEQALGNLLDNAIDFTPQDGTITLSAHQQDELVTLQIIDSGSGIPDFALPRIFERFYSLPRENGHKSSGLGLAFVSEVARLHEGTVTLCNRPQGGAQASFTLHGHFT,474,4,4,6.06
E3PLJ5,E3PLJ5_ECOH1,MDEFKPEDELKPDPSDRRTGRSRQSSERSERTERGEPQINFDDIELDDTDDRRPTRAQKERNEEPEIEEEIDESEDETVDEERVERRPRKRKKAASKPASRQYMMMGVGILVLLLLIIGIGSALKAPSTSSSDQTASGEKSIDLAGNATDQANGVQPAPGTTSAENTQQDVSLPPISSTPTQGQTPAATDGQQRVEVQGDLNNALTQPQNQQQLNNVAVNSTLPTEPATVAPVRNGNASRDTAKTQTAERPATTRPARQQAVIEPKKPQATVKTEPKPVAQTPKRTEPAAPVASTKAPAATSTPAPKETATTAPVQTASPAQTTATPAAGGKTAGNVGSLKSAPSSHYTLQLSSSSNYDNLNGWAKKENLKNYVVYETTRNGQPWYVLVSGVYASKEEAKKAVSTLPADVQAKNPWAKPLRQVQADLK,428,2,3,6.03
M9FWI0,M9FWI0_ECOLX,MFSGLLIILVPLIVGYLIPLRQKAALKVINQLLSWMVYLILFFMGISLAFLDNLASNLLAILHYSAVSITVILLCNIAALMWLERGLPWRNHHQQEKLPSRIAMALESLKLCGVVVIGFAIGLSGLAFLQHATEASEYTLILLLFLVGIQLRNNGMTLKQIVLNRRGMIVAVVVVVSSLIGGLINAFILDLPINTALAMASGFGWYSLSGILLTESFGPVIGSAAFFNDLARELIAIMLIPGLIRRSRSTALGLCGATSMDFTLPVLQRTGGLDMVPAAIVHGFILSLLVPILIAFFSA,299,8,4,6.03
A0A1X3L4V5,A0A1X3L4V5_ECOLX,MTRLTLALDVMGGDFGPSVTVPAALQALNSNSQLTLLLVGNPDAITPLLAKADFEQRSRLQIIPAQSVIASDARPSQAIRASRGSSMRVALELVKEGRAQACVSAGNTGALMGLAKLLLKPLEGIERPALVTVLPHQQKGKTVVLDLGANVDCDSTMLVQFAIMGSVLAEEVVEIPNPRVALLNIGEEEVKGLDSIRDASAVLKTIPSINYIGYLEANELLTGKTDVLVCDGFTGNVTLKTMEGVVRMFLSLLKSQGEGKKRSWWLLLLKRWLQKSLTRRFSHLNPDQYNGACLLGLRGTVIKSHGAANQRAFAVAIEQAVQAVQRQVPQRIAARLESVYPAGFELLDGGKSGTLR,356,0,3,6.1
A0A064SZ29,A0A064SZ29_ECOLX,MKTLGEFIVEKQHEFSHATGELTALLSAIKLGAKIIHRDINKAGLVDILGASGAENVQGEVQQKLDLFANEKLKAALKARDIVAGIASEEEDEIVVFEGCEHAKYVVLMDPLDGSSNIDVNVSVGTIFSIYRRVTPVGTPVTEEDFLQPGNKQVAAGYVVYGSSTMLVYTTGCGVHAFTYDPSLGVFCLCQERMRFPEKGKTYSINEGNYIKFPNGVKKYIKFCQEEDKSTNRPYTSRYIGSLVADFHRNLLKGGIYLYPSTASHPDGKLRLLYECNPMAFLAEQAGGKASDGKERILDIIPETLHQRRSFFVGNDHMVEDVERFIREFPDA,332,12,3,5.97
A0A193LVE7,A0A193LVE7_ECOLX,MRYRIFLLFFFALLPTSLVWAAPAQQAFSDWQVTCNNQNFCVARNTGDHNGLVMTLSRSAGAHTDAVLRIERGGLKSPDASEGEIAPRLLLDGEPLALSGDKWRISPWLLVTDDTATITAFLQIIQEGKAITLRDGNQTISLSGLKAALLFIDAQQKRVGSETAWIKKGDEPPLSVPPAPALKEVVVVNPTPTPLSLEERNDLLDYGNWRMNGLRCSLDPLRREVNVTALTDDKALMMISCEAGAYNTIDLAWIVSRKKPLASRPVRLRLPFNNGQETNELELMNATFDEKSRELVTLAKGRGLSDCGIQARWRFDGQRFRLVRYAAEPTCDNWHGPDAWPTLWITR,347,2,4,6.05
A0A0E2TQE5,A0A0E2TQE5_ECOLX,MLKTISPLISPELLKVLAEMGHGDEIIFSDAHFPAHSMGPQVIRADGLLVSDLLQAIIPLFELDSYAPPLVMMAAVEGDTLDPEVERRYRNALSLQAPCPDIIRINRFAFYERAQKAFAIVITGERAKYGNILLKKGVTP,140,4,3,6.02
C3T6Y2,C3T6Y2_ECOLX,MLADIRYWENDATNKRYAIAHFNVWNAEMLMGVIDAAEEAKSPVIISFGTGFVGNTSFEDFSHMMVSMAQKATVPVITHWDHGRSMEIIHNAWTHGMNSLMRDASAFDFEENIRLTKEAVDFFHPLGIPVEAELGHVGNETVYEEALAGYHYTDPDQAAEFVERTGCDSLAVAIGNQHGVYTSEPQLNFEVVKRVRDAVSVPLVLHGASGISDADIKTAISLGIAKINIHTELCQAAMVAVKENQDQPFLHLEREVRKAVKERALEKIKLFGSDGKAE,278,4,3,5.88
A0A1X3KUU1,A0A1X3KUU1_ECOLX,MPVMISGVLYALLAGLMWGLIFVGPLIVPEYPAMLQSMGRYLALGLIALPIAWLGRVRLRQLARRDWLTALMLTMMGNLIYYFCLASAIQRTGAPVSTMIIGTLPVVIPVFANLLYSQRDGKLAWGKLAPALICIGIGLASVNIAELNHGLPDFDWARYTSGIVLALVSVVCWAWYALRNARWLRENPDKHPMMWATAQALVTLPVSLIGYLVACYWLNTQTPDFSLPFGPRPLVFISLMVAIAVLCSWVGALCWNVASQRLPTVILGPLIVFETLAGLLYTFLIRQQMPPLMTLSGIALLVVGVVIAVRAKPEKPLTESVSES,324,12,4,6.07
A0A070FGX7,A0A070FGX7_ECOLX,MLYGFSGVILQGALVTLELAISSVVLAVIIGLIGAGGKLSQNRLSGLIFEGYTTLIRGVPDLVLMLLIFYGLQIALNTVTEAMGVGQIDIDPMVAGIITLGFIYGAYFTETFRGAFMAVPKGHIEAATAFGFTRGQVFRRIMFPAMMRYALPGIGNNWQVILKSTALVSLLGLEDVVKATQLAGKSTWEPFYFAIVCGVIYLVFTTVSNGVLLFLERRYSVGVKRADL,228,6,3,6.02
A0A0D8W701,A0A0D8W701_ECOLX,MNDRDFMRYSRQILLDDIALDGQQKLLDSQVLIIGLGGLGTPAALYLAGAGVGTLVLADDDDVHLSNLQRQILFTTEDIDRPKSQVSQQRLTQLNPDIQLTALQQRLTGEALKDAVARADVVLDCTDNMATRQEINAACVALNTPLITASAVGFGGQLMVLTPPWEQGCYRCLWPDNQEPKRNCRTAGVVGPVVGVMGTLQALEAIKLLSGIETPAGELRLFDGKSSQWRSLALRRASGCPVCGGSNADPV,251,1,4,5.92
B1X6G1,RL24_ECODH,MAAKIRRDDEVIVLTGKDKGKRGKVKNVLSSGKVIVEGINLVKKHQKPVPALNQPGGIVEKEAAIQVSNVAIFNAATGKADRVGFRFEDGKKVRFFKSNSETIK,104,1,3,6.45
V8F6N8,V8F6N8_ECOLX,MTFFDFWGKNRRGEKDGGDDYHLLCWHSLDVAAMGYLMVKRNCFGLADYFRQLGISDKEQAAQFFAWLLCWHDIGKFARSFQQLYLPPELKIQEGARKNYEKISHSTLGYWLWNHYLSECQELLPSSSLSPRKLRRVIEMWMPVTTGHHGQPPDRMDELDNFLPEDKAAARDFLLEIKPLFPLIESPAFWDDDEGIELIKHLSWYISATVVLADWTGSSTRFFPRVAHPMDIKGYWQKTLIQAQNALTVFPLKAKVAPFNGINTLFPFIENPTPLQQKVLDLDISQQGPQLFILEDVTGAGKTEAALILAHRLIAAGKAQGLFFGLPTMATANAMYDRLVKTWLAFYSPESRPSLVLAHSARTLMDRFNESLWSGDLVGSEEPDEQTFSQGCAAWFADSNKKALLAEIGVGTLDQAMMAVMPFKHNNLRLLGLSNKILLADEIHACDAYMSCILEGLIERQARGGNSVILLSATLSQQQRDKLVAAFARGTEGQQEAPFLEKDDYPWLTHVTKSDVNSHRVATRKDVERSVSVGWLHSEQECIARIESAVSQGKCIAWIRNSVDDAIKVHRQLLARGVIPASSLSLFHSRFAFSDRQRIETETLARFGKYCSLQRASQVIVCTQVIEQSVDIDLDEMISDLAPVDLLIQRAGRLQRHIRDINGQLKRDGKDERSPPELLILAPVWDDSPGDEWFGSAMRNSAFVYPDHGRIWLTQRVLREQGAIQMPHAARLLIESVYGEDVVMPEGFARSEQEQVGKYYCDRAMAKKFVLNFRPGYAANINDYLPEKLSTRLAEESVSLWLATCIDGVVKPYATGAHAWEMSVVRVRRSWWKKHRDEFSLLEGEAFRLWCIEQRQDPEMANVILVNDDESCGYSATEGLIGKVG,885,2,4,6.0
G0F621,G0F621_ECOLX,MKEKPAVEVRLDKWLWAARFYKTRALAREMIEGGKVHYNGQRSKPSKIVELNATLTLRQGNDERTVIVKAITEQRRPASEAALLYEETAESVEKREKMALARKLNALTMPHPDRRPDKKERRDLLRFKHGDSE,133,1,3,6.46
A0A228VNW4,A0A228VNW4_ECOLX,MRIEICIAKEKMTKMPNGAVDALKEELTRRISKRYDDVEVIVKTTSNDGLSVTRTADKDSAKTFVQETLKDTWESADEWFVH,82,0,4,6.01
H4UJ34,H4UJ34_ECOLX,MNINRDKIVQLVDTDTIENLTSALSQRLIADQLRLTTAESCTGGKLASALCAAEDTPKFYGAGFVTFTDQAKMKILSVSQQSLERYSAVSEKVAAEMATGAIERADADVSIAITGYGGPEGGEDGTPAGTVWFAWHIKGQNYTAVMHFAGDCETVLALAVRFALAQLLQLLL,172,1,3,5.85
